4.76837e-08,4.76837e-08,0
0.05,4.76837e-08,0
0.1,4.76837e-08,0
0.15,4.76837e-08,0
0.2,4.76837e-08,0
0.25,4.76837e-08,0
0.3,4.76837e-08,0
0.35,4.76837e-08,0
0.4,4.76837e-08,3
0.45,4.76837e-08,3
0.5,4.76837e-08,3
0.55,4.76837e-08,3
0.6,4.76837e-08,2
0.65,4.76837e-08,2
0.7,4.76837e-08,2
0.75,4.76837e-08,2
0.8,4.76837e-08,2
0.85,4.76837e-08,2
0.9,4.76837e-08,2
0.95,4.76837e-08,2
1,4.76837e-08,2
1.05,4.76837e-08,2
1.1,4.76837e-08,2
1.15,4.76837e-08,2
1.2,4.76837e-08,2
1.25,4.76837e-08,2
1.3,4.76837e-08,2
1.35,4.76837e-08,2
1.4,4.76837e-08,2
1.45,4.76837e-08,1
1.5,4.76837e-08,1
1.55,4.76837e-08,1
1.6,4.76837e-08,1
1.65,4.76837e-08,1
1.7,4.76837e-08,1
1.75,4.76837e-08,1
1.8,4.76837e-08,1
1.85,4.76837e-08,1
1.9,4.76837e-08,1
1.95,4.76837e-08,1
2,4.76837e-08,1
2.05,4.76837e-08,1
2.1,4.76837e-08,1
2.15,4.76837e-08,1
2.2,4.76837e-08,1
2.25,4.76837e-08,1
2.3,4.76837e-08,1
2.35,4.76837e-08,1
2.4,4.76837e-08,1
2.45,4.76837e-08,1
2.5,4.76837e-08,2
2.55,4.76837e-08,2
2.6,4.76837e-08,2
2.65,4.76837e-08,2
2.7,4.76837e-08,2
2.75,4.76837e-08,2
2.8,4.76837e-08,2
2.85,4.76837e-08,2
2.9,4.76837e-08,2
2.95,4.76837e-08,2
3,4.76837e-08,2
3.05,4.76837e-08,3
3.1,4.76837e-08,3
3.15,4.76837e-08,3
3.2,4.76837e-08,3
3.25,4.76837e-08,3
3.3,4.76837e-08,4
3.35,4.76837e-08,4
3.4,4.76837e-08,5
3.45,4.76837e-08,5
4.76837e-08,0.05,0
0.05,0.05,0
0.1,0.05,0
0.15,0.05,0
0.2,0.05,0
0.25,0.05,0
0.3,0.05,0
0.35,0.05,0
0.4,0.05,0
0.45,0.05,0
0.5,0.05,0
0.55,0.05,0
0.6,0.05,3
0.65,0.05,2
0.7,0.05,2
0.75,0.05,2
0.8,0.05,2
0.85,0.05,2
0.9,0.05,2
0.95,0.05,2
1,0.05,2
1.05,0.05,2
1.1,0.05,2
1.15,0.05,2
1.2,0.05,2
1.25,0.05,2
1.3,0.05,2
1.35,0.05,2
1.4,0.05,2
1.45,0.05,2
1.5,0.05,2
1.55,0.05,2
1.6,0.05,2
1.65,0.05,2
1.7,0.05,2
1.75,0.05,2
1.8,0.05,2
1.85,0.05,2
1.9,0.05,2
1.95,0.05,2
2,0.05,2
2.05,0.05,2
2.1,0.05,2
2.15,0.05,2
2.2,0.05,2
2.25,0.05,2
2.3,0.05,2
2.35,0.05,2
2.4,0.05,2
2.45,0.05,2
2.5,0.05,2
2.55,0.05,2
2.6,0.05,2
2.65,0.05,2
2.7,0.05,2
2.75,0.05,2
2.8,0.05,2
2.85,0.05,2
2.9,0.05,2
2.95,0.05,2
3,0.05,3
3.05,0.05,3
3.1,0.05,3
3.15,0.05,3
3.2,0.05,3
3.25,0.05,3
3.3,0.05,4
3.35,0.05,4
3.4,0.05,4
3.45,0.05,5
4.76837e-08,0.1,0
0.05,0.1,0
0.1,0.1,0
0.15,0.1,0
0.2,0.1,0
0.25,0.1,0
0.3,0.1,0
0.35,0.1,0
0.4,0.1,0
0.45,0.1,0
0.5,0.1,0
0.55,0.1,0
0.6,0.1,0
0.65,0.1,0
0.7,0.1,0
0.75,0.1,0
0.8,0.1,3
0.85,0.1,3
0.9,0.1,3
0.95,0.1,3
1,0.1,3
1.05,0.1,3
1.1,0.1,3
1.15,0.1,3
1.2,0.1,3
1.25,0.1,3
1.3,0.1,3
1.35,0.1,3
1.4,0.1,3
1.45,0.1,2
1.5,0.1,2
1.55,0.1,2
1.6,0.1,2
1.65,0.1,2
1.7,0.1,2
1.75,0.1,2
1.8,0.1,2
1.85,0.1,2
1.9,0.1,2
1.95,0.1,2
2,0.1,2
2.05,0.1,2
2.1,0.1,2
2.15,0.1,2
2.2,0.1,2
2.25,0.1,2
2.3,0.1,2
2.35,0.1,2
2.4,0.1,2
2.45,0.1,2
2.5,0.1,2
2.55,0.1,2
2.6,0.1,2
2.65,0.1,2
2.7,0.1,2
2.75,0.1,3
2.8,0.1,3
2.85,0.1,3
2.9,0.1,3
2.95,0.1,3
3,0.1,3
3.05,0.1,3
3.1,0.1,3
3.15,0.1,3
3.2,0.1,3
3.25,0.1,3
3.3,0.1,4
3.35,0.1,4
3.4,0.1,4
3.45,0.1,4
4.76837e-08,0.15,0
0.05,0.15,0
0.1,0.15,0
0.15,0.15,0
0.2,0.15,0
0.25,0.15,0
0.3,0.15,0
0.35,0.15,0
0.4,0.15,0
0.45,0.15,0
0.5,0.15,0
0.55,0.15,0
0.6,0.15,0
0.65,0.15,0
0.7,0.15,0
0.75,0.15,0
0.8,0.15,0
0.85,0.15,0
0.9,0.15,0
0.95,0.15,0
1,0.15,3
1.05,0.15,3
1.1,0.15,3
1.15,0.15,3
1.2,0.15,3
1.25,0.15,3
1.3,0.15,3
1.35,0.15,3
1.4,0.15,3
1.45,0.15,3
1.5,0.15,3
1.55,0.15,3
1.6,0.15,3
1.65,0.15,3
1.7,0.15,3
1.75,0.15,3
1.8,0.15,3
1.85,0.15,3
1.9,0.15,3
1.95,0.15,3
2,0.15,3
2.05,0.15,3
2.1,0.15,3
2.15,0.15,3
2.2,0.15,3
2.25,0.15,3
2.3,0.15,3
2.35,0.15,3
2.4,0.15,3
2.45,0.15,3
2.5,0.15,3
2.55,0.15,3
2.6,0.15,3
2.65,0.15,3
2.7,0.15,3
2.75,0.15,3
2.8,0.15,3
2.85,0.15,3
2.9,0.15,3
2.95,0.15,3
3,0.15,3
3.05,0.15,3
3.1,0.15,3
3.15,0.15,3
3.2,0.15,3
3.25,0.15,4
3.3,0.15,4
3.35,0.15,4
3.4,0.15,4
3.45,0.15,4
4.76837e-08,0.2,0
0.05,0.2,0
0.1,0.2,0
0.15,0.2,0
0.2,0.2,0
0.25,0.2,0
0.3,0.2,0
0.35,0.2,0
0.4,0.2,0
0.45,0.2,0
0.5,0.2,0
0.55,0.2,0
0.6,0.2,0
0.65,0.2,0
0.7,0.2,0
0.75,0.2,0
0.8,0.2,0
0.85,0.2,0
0.9,0.2,0
0.95,0.2,0
1,0.2,0
1.05,0.2,0
1.1,0.2,0
1.15,0.2,0
1.2,0.2,4
1.25,0.2,4
1.3,0.2,4
1.35,0.2,4
1.4,0.2,4
1.45,0.2,4
1.5,0.2,4
1.55,0.2,4
1.6,0.2,4
1.65,0.2,4
1.7,0.2,4
1.75,0.2,4
1.8,0.2,4
1.85,0.2,4
1.9,0.2,4
1.95,0.2,4
2,0.2,4
2.05,0.2,4
2.1,0.2,4
2.15,0.2,4
2.2,0.2,4
2.25,0.2,4
2.3,0.2,4
2.35,0.2,4
2.4,0.2,3
2.45,0.2,3
2.5,0.2,3
2.55,0.2,3
2.6,0.2,3
2.65,0.2,3
2.7,0.2,3
2.75,0.2,3
2.8,0.2,3
2.85,0.2,3
2.9,0.2,3
2.95,0.2,3
3,0.2,4
3.05,0.2,4
3.1,0.2,4
3.15,0.2,4
3.2,0.2,4
3.25,0.2,4
3.3,0.2,4
3.35,0.2,4
3.4,0.2,4
3.45,0.2,4
4.76837e-08,0.25,0
0.05,0.25,0
0.1,0.25,0
0.15,0.25,0
0.2,0.25,0
0.25,0.25,0
0.3,0.25,0
0.35,0.25,0
0.4,0.25,0
0.45,0.25,0
0.5,0.25,0
0.55,0.25,0
0.6,0.25,0
0.65,0.25,0
0.7,0.25,0
0.75,0.25,0
0.8,0.25,0
0.85,0.25,0
0.9,0.25,0
0.95,0.25,0
1,0.25,0
1.05,0.25,0
1.1,0.25,0
1.15,0.25,0
1.2,0.25,0
1.25,0.25,0
1.3,0.25,0
1.35,0.25,0
1.4,0.25,5
1.45,0.25,5
1.5,0.25,5
1.55,0.25,5
1.6,0.25,5
1.65,0.25,5
1.7,0.25,5
1.75,0.25,5
1.8,0.25,5
1.85,0.25,5
1.9,0.25,5
1.95,0.25,5
2,0.25,5
2.05,0.25,5
2.1,0.25,5
2.15,0.25,4
2.2,0.25,4
2.25,0.25,4
2.3,0.25,4
2.35,0.25,4
2.4,0.25,4
2.45,0.25,4
2.5,0.25,4
2.55,0.25,4
2.6,0.25,4
2.65,0.25,4
2.7,0.25,4
2.75,0.25,4
2.8,0.25,4
2.85,0.25,4
2.9,0.25,4
2.95,0.25,4
3,0.25,4
3.05,0.25,4
3.1,0.25,4
3.15,0.25,4
3.2,0.25,4
3.25,0.25,4
3.3,0.25,4
3.35,0.25,4
3.4,0.25,4
3.45,0.25,4
4.76837e-08,0.3,0
0.05,0.3,0
0.1,0.3,0
0.15,0.3,0
0.2,0.3,0
0.25,0.3,0
0.3,0.3,0
0.35,0.3,0
0.4,0.3,0
0.45,0.3,0
0.5,0.3,0
0.55,0.3,0
0.6,0.3,0
0.65,0.3,0
0.7,0.3,0
0.75,0.3,0
0.8,0.3,0
0.85,0.3,0
0.9,0.3,0
0.95,0.3,0
1,0.3,0
1.05,0.3,0
1.1,0.3,0
1.15,0.3,0
1.2,0.3,0
1.25,0.3,0
1.3,0.3,0
1.35,0.3,0
1.4,0.3,0
1.45,0.3,0
1.5,0.3,0
1.55,0.3,0
1.6,0.3,6
1.65,0.3,6
1.7,0.3,6
1.75,0.3,6
1.8,0.3,6
1.85,0.3,6
1.9,0.3,6
1.95,0.3,6
2,0.3,6
2.05,0.3,6
2.1,0.3,6
2.15,0.3,6
2.2,0.3,5
2.25,0.3,5
2.3,0.3,5
2.35,0.3,5
2.4,0.3,5
2.45,0.3,5
2.5,0.3,5
2.55,0.3,5
2.6,0.3,5
2.65,0.3,5
2.7,0.3,5
2.75,0.3,5
2.8,0.3,5
2.85,0.3,5
2.9,0.3,5
2.95,0.3,5
3,0.3,4
3.05,0.3,4
3.1,0.3,4
3.15,0.3,4
3.2,0.3,4
3.25,0.3,4
3.3,0.3,4
3.35,0.3,4
3.4,0.3,4
3.45,0.3,4
4.76837e-08,0.35,0
0.05,0.35,0
0.1,0.35,0
0.15,0.35,0
0.2,0.35,0
0.25,0.35,0
0.3,0.35,0
0.35,0.35,0
0.4,0.35,0
0.45,0.35,0
0.5,0.35,0
0.55,0.35,0
0.6,0.35,0
0.65,0.35,0
0.7,0.35,0
0.75,0.35,0
0.8,0.35,0
0.85,0.35,0
0.9,0.35,0
0.95,0.35,0
1,0.35,0
1.05,0.35,0
1.1,0.35,0
1.15,0.35,0
1.2,0.35,0
1.25,0.35,0
1.3,0.35,0
1.35,0.35,0
1.4,0.35,0
1.45,0.35,0
1.5,0.35,0
1.55,0.35,0
1.6,0.35,0
1.65,0.35,0
1.7,0.35,0
1.75,0.35,0
1.8,0.35,7
1.85,0.35,7
1.9,0.35,7
1.95,0.35,7
2,0.35,7
2.05,0.35,7
2.1,0.35,7
2.15,0.35,7
2.2,0.35,7
2.25,0.35,7
2.3,0.35,7
2.35,0.35,6
2.4,0.35,6
2.45,0.35,6
2.5,0.35,6
2.55,0.35,6
2.6,0.35,6
2.65,0.35,6
2.7,0.35,6
2.75,0.35,6
2.8,0.35,6
2.85,0.35,5
2.9,0.35,5
2.95,0.35,5
3,0.35,5
3.05,0.35,5
3.1,0.35,5
3.15,0.35,5
3.2,0.35,4
3.25,0.35,4
3.3,0.35,4
3.35,0.35,4
3.4,0.35,4
3.45,0.35,4
4.76837e-08,0.4,5
0.05,0.4,0
0.1,0.4,0
0.15,0.4,0
0.2,0.4,0
0.25,0.4,0
0.3,0.4,0
0.35,0.4,0
0.4,0.4,0
0.45,0.4,0
0.5,0.4,0
0.55,0.4,0
0.6,0.4,0
0.65,0.4,0
0.7,0.4,0
0.75,0.4,0
0.8,0.4,0
0.85,0.4,0
0.9,0.4,0
0.95,0.4,0
1,0.4,0
1.05,0.4,0
1.1,0.4,0
1.15,0.4,0
1.2,0.4,0
1.25,0.4,0
1.3,0.4,0
1.35,0.4,0
1.4,0.4,0
1.45,0.4,0
1.5,0.4,0
1.55,0.4,0
1.6,0.4,0
1.65,0.4,0
1.7,0.4,0
1.75,0.4,0
1.8,0.4,0
1.85,0.4,0
1.9,0.4,0
1.95,0.4,0
2,0.4,9
2.05,0.4,8
2.1,0.4,8
2.15,0.4,8
2.2,0.4,8
2.25,0.4,8
2.3,0.4,8
2.35,0.4,8
2.4,0.4,8
2.45,0.4,8
2.5,0.4,7
2.55,0.4,7
2.6,0.4,7
2.65,0.4,7
2.7,0.4,7
2.75,0.4,7
2.8,0.4,6
2.85,0.4,6
2.9,0.4,6
2.95,0.4,6
3,0.4,6
3.05,0.4,5
3.1,0.4,5
3.15,0.4,5
3.2,0.4,5
3.25,0.4,5
3.3,0.4,5
3.35,0.4,4
3.4,0.4,4
3.45,0.4,4
4.76837e-08,0.45,5
0.05,0.45,0
0.1,0.45,0
0.15,0.45,0
0.2,0.45,0
0.25,0.45,0
0.3,0.45,0
0.35,0.45,0
0.4,0.45,0
0.45,0.45,0
0.5,0.45,0
0.55,0.45,0
0.6,0.45,0
0.65,0.45,0
0.7,0.45,0
0.75,0.45,0
0.8,0.45,0
0.85,0.45,0
0.9,0.45,0
0.95,0.45,0
1,0.45,0
1.05,0.45,0
1.1,0.45,0
1.15,0.45,0
1.2,0.45,0
1.25,0.45,0
1.3,0.45,0
1.35,0.45,0
1.4,0.45,0
1.45,0.45,0
1.5,0.45,0
1.55,0.45,0
1.6,0.45,0
1.65,0.45,0
1.7,0.45,0
1.75,0.45,0
1.8,0.45,0
1.85,0.45,0
1.9,0.45,0
1.95,0.45,0
2,0.45,0
2.05,0.45,0
2.1,0.45,0
2.15,0.45,0
2.2,0.45,10
2.25,0.45,10
2.3,0.45,9
2.35,0.45,9
2.4,0.45,9
2.45,0.45,9
2.5,0.45,9
2.55,0.45,9
2.6,0.45,8
2.65,0.45,8
2.7,0.45,8
2.75,0.45,8
2.8,0.45,7
2.85,0.45,7
2.9,0.45,7
2.95,0.45,7
3,0.45,6
3.05,0.45,6
3.1,0.45,6
3.15,0.45,6
3.2,0.45,5
3.25,0.45,5
3.3,0.45,5
3.35,0.45,5
3.4,0.45,4
3.45,0.45,4
4.76837e-08,0.5,4
0.05,0.5,0
0.1,0.5,0
0.15,0.5,0
0.2,0.5,0
0.25,0.5,0
0.3,0.5,0
0.35,0.5,0
0.4,0.5,0
0.45,0.5,0
0.5,0.5,0
0.55,0.5,0
0.6,0.5,0
0.65,0.5,0
0.7,0.5,0
0.75,0.5,0
0.8,0.5,0
0.85,0.5,0
0.9,0.5,0
0.95,0.5,0
1,0.5,0
1.05,0.5,0
1.1,0.5,0
1.15,0.5,0
1.2,0.5,0
1.25,0.5,0
1.3,0.5,0
1.35,0.5,0
1.4,0.5,0
1.45,0.5,0
1.5,0.5,0
1.55,0.5,0
1.6,0.5,0
1.65,0.5,0
1.7,0.5,0
1.75,0.5,0
1.8,0.5,0
1.85,0.5,0
1.9,0.5,0
1.95,0.5,0
2,0.5,0
2.05,0.5,0
2.1,0.5,0
2.15,0.5,0
2.2,0.5,0
2.25,0.5,0
2.3,0.5,0
2.35,0.5,0
2.4,0.5,11
2.45,0.5,10
2.5,0.5,10
2.55,0.5,10
2.6,0.5,10
2.65,0.5,9
2.7,0.5,9
2.75,0.5,9
2.8,0.5,9
2.85,0.5,8
2.9,0.5,8
2.95,0.5,7
3,0.5,7
3.05,0.5,7
3.1,0.5,6
3.15,0.5,6
3.2,0.5,6
3.25,0.5,5
3.3,0.5,5
3.35,0.5,5
3.4,0.5,5
3.45,0.5,4
4.76837e-08,0.55,4
0.05,0.55,0
0.1,0.55,0
0.15,0.55,0
0.2,0.55,0
0.25,0.55,0
0.3,0.55,0
0.35,0.55,0
0.4,0.55,0
0.45,0.55,0
0.5,0.55,0
0.55,0.55,0
0.6,0.55,0
0.65,0.55,0
0.7,0.55,0
0.75,0.55,0
0.8,0.55,0
0.85,0.55,0
0.9,0.55,0
0.95,0.55,0
1,0.55,0
1.05,0.55,0
1.1,0.55,0
1.15,0.55,0
1.2,0.55,0
1.25,0.55,0
1.3,0.55,0
1.35,0.55,0
1.4,0.55,0
1.45,0.55,0
1.5,0.55,0
1.55,0.55,0
1.6,0.55,0
1.65,0.55,0
1.7,0.55,0
1.75,0.55,0
1.8,0.55,0
1.85,0.55,0
1.9,0.55,0
1.95,0.55,0
2,0.55,0
2.05,0.55,0
2.1,0.55,0
2.15,0.55,0
2.2,0.55,0
2.25,0.55,0
2.3,0.55,0
2.35,0.55,0
2.4,0.55,0
2.45,0.55,0
2.5,0.55,0
2.55,0.55,0
2.6,0.55,11
2.65,0.55,11
2.7,0.55,10
2.75,0.55,10
2.8,0.55,10
2.85,0.55,99
2.9,0.55,9
2.95,0.55,8
3,0.55,8
3.05,0.55,8
3.1,0.55,7
3.15,0.55,7
3.2,0.55,6
3.25,0.55,6
3.3,0.55,5
3.35,0.55,5
3.4,0.55,5
3.45,0.55,5
4.76837e-08,0.6,3
0.05,0.6,3
0.1,0.6,0
0.15,0.6,0
0.2,0.6,0
0.25,0.6,0
0.3,0.6,0
0.35,0.6,0
0.4,0.6,0
0.45,0.6,0
0.5,0.6,0
0.55,0.6,0
0.6,0.6,0
0.65,0.6,0
0.7,0.6,0
0.75,0.6,0
0.8,0.6,0
0.85,0.6,0
0.9,0.6,0
0.95,0.6,0
1,0.6,0
1.05,0.6,0
1.1,0.6,0
1.15,0.6,0
1.2,0.6,0
1.25,0.6,0
1.3,0.6,0
1.35,0.6,0
1.4,0.6,0
1.45,0.6,0
1.5,0.6,0
1.55,0.6,0
1.6,0.6,0
1.65,0.6,0
1.7,0.6,0
1.75,0.6,0
1.8,0.6,0
1.85,0.6,0
1.9,0.6,0
1.95,0.6,0
2,0.6,0
2.05,0.6,0
2.1,0.6,0
2.15,0.6,0
2.2,0.6,0
2.25,0.6,0
2.3,0.6,0
2.35,0.6,0
2.4,0.6,0
2.45,0.6,0
2.5,0.6,0
2.55,0.6,0
2.6,0.6,0
2.65,0.6,0
2.7,0.6,0
2.75,0.6,0
2.8,0.6,99
2.85,0.6,99
2.9,0.6,99
2.95,0.6,9
3,0.6,9
3.05,0.6,8
3.1,0.6,8
3.15,0.6,7
3.2,0.6,7
3.25,0.6,6
3.3,0.6,6
3.35,0.6,5
3.4,0.6,5
3.45,0.6,5
4.76837e-08,0.65,3
0.05,0.65,3
0.1,0.65,0
0.15,0.65,0
0.2,0.65,0
0.25,0.65,0
0.3,0.65,0
0.35,0.65,0
0.4,0.65,0
0.45,0.65,0
0.5,0.65,0
0.55,0.65,0
0.6,0.65,0
0.65,0.65,0
0.7,0.65,0
0.75,0.65,0
0.8,0.65,0
0.85,0.65,0
0.9,0.65,0
0.95,0.65,0
1,0.65,0
1.05,0.65,0
1.1,0.65,0
1.15,0.65,0
1.2,0.65,0
1.25,0.65,0
1.3,0.65,0
1.35,0.65,0
1.4,0.65,0
1.45,0.65,0
1.5,0.65,0
1.55,0.65,0
1.6,0.65,0
1.65,0.65,0
1.7,0.65,0
1.75,0.65,0
1.8,0.65,0
1.85,0.65,0
1.9,0.65,0
1.95,0.65,0
2,0.65,0
2.05,0.65,0
2.1,0.65,0
2.15,0.65,0
2.2,0.65,0
2.25,0.65,0
2.3,0.65,0
2.35,0.65,0
2.4,0.65,0
2.45,0.65,0
2.5,0.65,0
2.55,0.65,0
2.6,0.65,0
2.65,0.65,0
2.7,0.65,0
2.75,0.65,99
2.8,0.65,99
2.85,0.65,100
2.9,0.65,99
2.95,0.65,99
3,0.65,10
3.05,0.65,9
3.1,0.65,9
3.15,0.65,8
3.2,0.65,7
3.25,0.65,7
3.3,0.65,6
3.35,0.65,6
3.4,0.65,5
3.45,0.65,5
4.76837e-08,0.7,3
0.05,0.7,3
0.1,0.7,0
0.15,0.7,0
0.2,0.7,0
0.25,0.7,0
0.3,0.7,0
0.35,0.7,0
0.4,0.7,0
0.45,0.7,0
0.5,0.7,0
0.55,0.7,0
0.6,0.7,0
0.65,0.7,0
0.7,0.7,0
0.75,0.7,0
0.8,0.7,0
0.85,0.7,0
0.9,0.7,0
0.95,0.7,0
1,0.7,0
1.05,0.7,0
1.1,0.7,0
1.15,0.7,0
1.2,0.7,0
1.25,0.7,0
1.3,0.7,0
1.35,0.7,0
1.4,0.7,0
1.45,0.7,0
1.5,0.7,0
1.55,0.7,0
1.6,0.7,0
1.65,0.7,0
1.7,0.7,0
1.75,0.7,0
1.8,0.7,0
1.85,0.7,0
1.9,0.7,0
1.95,0.7,0
2,0.7,0
2.05,0.7,0
2.1,0.7,0
2.15,0.7,0
2.2,0.7,0
2.25,0.7,0
2.3,0.7,0
2.35,0.7,0
2.4,0.7,0
2.45,0.7,0
2.5,0.7,0
2.55,0.7,0
2.6,0.7,0
2.65,0.7,0
2.7,0.7,0
2.75,0.7,99
2.8,0.7,99
2.85,0.7,100
2.9,0.7,99
2.95,0.7,99
3,0.7,11
3.05,0.7,10
3.1,0.7,9
3.15,0.7,9
3.2,0.7,8
3.25,0.7,7
3.3,0.7,7
3.35,0.7,6
3.4,0.7,6
3.45,0.7,5
4.76837e-08,0.75,3
0.05,0.75,3
0.1,0.75,0
0.15,0.75,0
0.2,0.75,0
0.25,0.75,0
0.3,0.75,0
0.35,0.75,0
0.4,0.75,0
0.45,0.75,0
0.5,0.75,0
0.55,0.75,0
0.6,0.75,0
0.65,0.75,0
0.7,0.75,0
0.75,0.75,0
0.8,0.75,0
0.85,0.75,0
0.9,0.75,0
0.95,0.75,0
1,0.75,0
1.05,0.75,0
1.1,0.75,0
1.15,0.75,0
1.2,0.75,0
1.25,0.75,0
1.3,0.75,0
1.35,0.75,0
1.4,0.75,0
1.45,0.75,0
1.5,0.75,0
1.55,0.75,0
1.6,0.75,0
1.65,0.75,0
1.7,0.75,0
1.75,0.75,0
1.8,0.75,0
1.85,0.75,0
1.9,0.75,0
1.95,0.75,0
2,0.75,0
2.05,0.75,0
2.1,0.75,0
2.15,0.75,0
2.2,0.75,0
2.25,0.75,0
2.3,0.75,0
2.35,0.75,0
2.4,0.75,0
2.45,0.75,0
2.5,0.75,0
2.55,0.75,0
2.6,0.75,0
2.65,0.75,0
2.7,0.75,0
2.75,0.75,99
2.8,0.75,99
2.85,0.75,100
2.9,0.75,99
2.95,0.75,99
3,0.75,12
3.05,0.75,11
3.1,0.75,10
3.15,0.75,9
3.2,0.75,9
3.25,0.75,8
3.3,0.75,7
3.35,0.75,6
3.4,0.75,6
3.45,0.75,5
4.76837e-08,0.8,2
0.05,0.8,2
0.1,0.8,3
0.15,0.8,0
0.2,0.8,0
0.25,0.8,0
0.3,0.8,0
0.35,0.8,0
0.4,0.8,0
0.45,0.8,0
0.5,0.8,0
0.55,0.8,0
0.6,0.8,0
0.65,0.8,0
0.7,0.8,0
0.75,0.8,0
0.8,0.8,0
0.85,0.8,0
0.9,0.8,0
0.95,0.8,0
1,0.8,0
1.05,0.8,0
1.1,0.8,0
1.15,0.8,0
1.2,0.8,0
1.25,0.8,0
1.3,0.8,0
1.35,0.8,0
1.4,0.8,0
1.45,0.8,0
1.5,0.8,0
1.55,0.8,0
1.6,0.8,0
1.65,0.8,0
1.7,0.8,0
1.75,0.8,0
1.8,0.8,0
1.85,0.8,0
1.9,0.8,0
1.95,0.8,0
2,0.8,0
2.05,0.8,0
2.1,0.8,0
2.15,0.8,0
2.2,0.8,0
2.25,0.8,0
2.3,0.8,0
2.35,0.8,0
2.4,0.8,0
2.45,0.8,0
2.5,0.8,0
2.55,0.8,0
2.6,0.8,0
2.65,0.8,0
2.7,0.8,0
2.75,0.8,99
2.8,0.8,99
2.85,0.8,100
2.9,0.8,99
2.95,0.8,99
3,0.8,13
3.05,0.8,12
3.1,0.8,11
3.15,0.8,10
3.2,0.8,9
3.25,0.8,8
3.3,0.8,8
3.35,0.8,7
3.4,0.8,6
3.45,0.8,6
4.76837e-08,0.85,2
0.05,0.85,2
0.1,0.85,2
0.15,0.85,0
0.2,0.85,0
0.25,0.85,0
0.3,0.85,0
0.35,0.85,0
0.4,0.85,0
0.45,0.85,0
0.5,0.85,0
0.55,0.85,0
0.6,0.85,0
0.65,0.85,0
0.7,0.85,0
0.75,0.85,0
0.8,0.85,0
0.85,0.85,0
0.9,0.85,0
0.95,0.85,0
1,0.85,0
1.05,0.85,0
1.1,0.85,0
1.15,0.85,0
1.2,0.85,0
1.25,0.85,0
1.3,0.85,0
1.35,0.85,0
1.4,0.85,0
1.45,0.85,0
1.5,0.85,0
1.55,0.85,0
1.6,0.85,0
1.65,0.85,0
1.7,0.85,0
1.75,0.85,0
1.8,0.85,0
1.85,0.85,0
1.9,0.85,0
1.95,0.85,0
2,0.85,0
2.05,0.85,0
2.1,0.85,0
2.15,0.85,0
2.2,0.85,0
2.25,0.85,0
2.3,0.85,0
2.35,0.85,0
2.4,0.85,0
2.45,0.85,0
2.5,0.85,0
2.55,0.85,0
2.6,0.85,0
2.65,0.85,0
2.7,0.85,0
2.75,0.85,99
2.8,0.85,99
2.85,0.85,100
2.9,0.85,99
2.95,0.85,99
3,0.85,14
3.05,0.85,13
3.1,0.85,12
3.15,0.85,11
3.2,0.85,10
3.25,0.85,9
3.3,0.85,8
3.35,0.85,7
3.4,0.85,6
3.45,0.85,6
4.76837e-08,0.9,2
0.05,0.9,2
0.1,0.9,2
0.15,0.9,0
0.2,0.9,0
0.25,0.9,0
0.3,0.9,0
0.35,0.9,0
0.4,0.9,0
0.45,0.9,0
0.5,0.9,0
0.55,0.9,0
0.6,0.9,0
0.65,0.9,0
0.7,0.9,0
0.75,0.9,0
0.8,0.9,0
0.85,0.9,0
0.9,0.9,0
0.95,0.9,0
1,0.9,0
1.05,0.9,0
1.1,0.9,0
1.15,0.9,0
1.2,0.9,0
1.25,0.9,0
1.3,0.9,0
1.35,0.9,0
1.4,0.9,0
1.45,0.9,0
1.5,0.9,0
1.55,0.9,0
1.6,0.9,0
1.65,0.9,0
1.7,0.9,0
1.75,0.9,0
1.8,0.9,0
1.85,0.9,0
1.9,0.9,0
1.95,0.9,0
2,0.9,0
2.05,0.9,0
2.1,0.9,0
2.15,0.9,0
2.2,0.9,0
2.25,0.9,0
2.3,0.9,0
2.35,0.9,0
2.4,0.9,0
2.45,0.9,0
2.5,0.9,0
2.55,0.9,0
2.6,0.9,0
2.65,0.9,0
2.7,0.9,0
2.75,0.9,99
2.8,0.9,99
2.85,0.9,100
2.9,0.9,99
2.95,0.9,99
3,0.9,15
3.05,0.9,14
3.1,0.9,12
3.15,0.9,11
3.2,0.9,10
3.25,0.9,9
3.3,0.9,8
3.35,0.9,8
3.4,0.9,7
3.45,0.9,6
4.76837e-08,0.95,2
0.05,0.95,2
0.1,0.95,2
0.15,0.95,0
0.2,0.95,0
0.25,0.95,0
0.3,0.95,0
0.35,0.95,0
0.4,0.95,0
0.45,0.95,0
0.5,0.95,0
0.55,0.95,0
0.6,0.95,0
0.65,0.95,0
0.7,0.95,0
0.75,0.95,0
0.8,0.95,0
0.85,0.95,0
0.9,0.95,0
0.95,0.95,0
1,0.95,0
1.05,0.95,0
1.1,0.95,0
1.15,0.95,0
1.2,0.95,0
1.25,0.95,0
1.3,0.95,0
1.35,0.95,0
1.4,0.95,0
1.45,0.95,0
1.5,0.95,0
1.55,0.95,0
1.6,0.95,0
1.65,0.95,0
1.7,0.95,0
1.75,0.95,0
1.8,0.95,0
1.85,0.95,0
1.9,0.95,0
1.95,0.95,0
2,0.95,0
2.05,0.95,0
2.1,0.95,0
2.15,0.95,0
2.2,0.95,0
2.25,0.95,0
2.3,0.95,0
2.35,0.95,0
2.4,0.95,0
2.45,0.95,0
2.5,0.95,0
2.55,0.95,0
2.6,0.95,0
2.65,0.95,0
2.7,0.95,0
2.75,0.95,99
2.8,0.95,99
2.85,0.95,100
2.9,0.95,99
2.95,0.95,99
3,0.95,16
3.05,0.95,14
3.1,0.95,13
3.15,0.95,12
3.2,0.95,11
3.25,0.95,10
3.3,0.95,9
3.35,0.95,8
3.4,0.95,7
3.45,0.95,6
4.76837e-08,1,2
0.05,1,2
0.1,1,2
0.15,1,2
0.2,1,0
0.25,1,0
0.3,1,0
0.35,1,0
0.4,1,0
0.45,1,0
0.5,1,0
0.55,1,0
0.6,1,0
0.65,1,0
0.7,1,0
0.75,1,0
0.8,1,0
0.85,1,0
0.9,1,0
0.95,1,0
1,1,0
1.05,1,0
1.1,1,0
1.15,1,0
1.2,1,0
1.25,1,0
1.3,1,0
1.35,1,0
1.4,1,0
1.45,1,0
1.5,1,0
1.55,1,0
1.6,1,0
1.65,1,0
1.7,1,0
1.75,1,0
1.8,1,0
1.85,1,0
1.9,1,0
1.95,1,0
2,1,0
2.05,1,0
2.1,1,0
2.15,1,0
2.2,1,0
2.25,1,0
2.3,1,0
2.35,1,0
2.4,1,0
2.45,1,0
2.5,1,0
2.55,1,0
2.6,1,0
2.65,1,0
2.7,1,99
2.75,1,99
2.8,1,100
2.85,1,100
2.9,1,99
2.95,1,99
3,1,16
3.05,1,15
3.1,1,14
3.15,1,13
3.2,1,11
3.25,1,10
3.3,1,9
3.35,1,8
3.4,1,7
3.45,1,6
4.76837e-08,1.05,2
0.05,1.05,2
0.1,1.05,2
0.15,1.05,2
0.2,1.05,0
0.25,1.05,0
0.3,1.05,0
0.35,1.05,0
0.4,1.05,0
0.45,1.05,0
0.5,1.05,0
0.55,1.05,0
0.6,1.05,0
0.65,1.05,0
0.7,1.05,0
0.75,1.05,0
0.8,1.05,0
0.85,1.05,0
0.9,1.05,0
0.95,1.05,0
1,1.05,0
1.05,1.05,0
1.1,1.05,0
1.15,1.05,0
1.2,1.05,0
1.25,1.05,0
1.3,1.05,0
1.35,1.05,0
1.4,1.05,0
1.45,1.05,0
1.5,1.05,0
1.55,1.05,0
1.6,1.05,0
1.65,1.05,0
1.7,1.05,0
1.75,1.05,0
1.8,1.05,0
1.85,1.05,0
1.9,1.05,0
1.95,1.05,0
2,1.05,0
2.05,1.05,0
2.1,1.05,0
2.15,1.05,0
2.2,1.05,0
2.25,1.05,0
2.3,1.05,0
2.35,1.05,0
2.4,1.05,0
2.45,1.05,0
2.5,1.05,0
2.55,1.05,0
2.6,1.05,0
2.65,1.05,0
2.7,1.05,99
2.75,1.05,99
2.8,1.05,100
2.85,1.05,99
2.9,1.05,99
2.95,1.05,18
3,1.05,17
3.05,1.05,16
3.1,1.05,15
3.15,1.05,13
3.2,1.05,12
3.25,1.05,11
3.3,1.05,10
3.35,1.05,8
3.4,1.05,7
3.45,1.05,7
4.76837e-08,1.1,2
0.05,1.1,2
0.1,1.1,2
0.15,1.1,2
0.2,1.1,0
0.25,1.1,0
0.3,1.1,0
0.35,1.1,0
0.4,1.1,0
0.45,1.1,0
0.5,1.1,0
0.55,1.1,0
0.6,1.1,0
0.65,1.1,0
0.7,1.1,0
0.75,1.1,0
0.8,1.1,0
0.85,1.1,0
0.9,1.1,0
0.95,1.1,0
1,1.1,0
1.05,1.1,0
1.1,1.1,0
1.15,1.1,0
1.2,1.1,0
1.25,1.1,0
1.3,1.1,0
1.35,1.1,0
1.4,1.1,0
1.45,1.1,0
1.5,1.1,0
1.55,1.1,0
1.6,1.1,0
1.65,1.1,0
1.7,1.1,0
1.75,1.1,0
1.8,1.1,0
1.85,1.1,0
1.9,1.1,0
1.95,1.1,0
2,1.1,0
2.05,1.1,0
2.1,1.1,0
2.15,1.1,0
2.2,1.1,0
2.25,1.1,0
2.3,1.1,0
2.35,1.1,0
2.4,1.1,0
2.45,1.1,0
2.5,1.1,0
2.55,1.1,0
2.6,1.1,0
2.65,1.1,0
2.7,1.1,99
2.75,1.1,99
2.8,1.1,100
2.85,1.1,99
2.9,1.1,99
2.95,1.1,19
3,1.1,18
3.05,1.1,16
3.1,1.1,15
3.15,1.1,14
3.2,1.1,12
3.25,1.1,11
3.3,1.1,10
3.35,1.1,9
3.4,1.1,8
3.45,1.1,7
4.76837e-08,1.15,1
0.05,1.15,2
0.1,1.15,2
0.15,1.15,2
0.2,1.15,0
0.25,1.15,0
0.3,1.15,0
0.35,1.15,0
0.4,1.15,0
0.45,1.15,0
0.5,1.15,0
0.55,1.15,0
0.6,1.15,0
0.65,1.15,0
0.7,1.15,0
0.75,1.15,0
0.8,1.15,0
0.85,1.15,0
0.9,1.15,0
0.95,1.15,0
1,1.15,0
1.05,1.15,0
1.1,1.15,0
1.15,1.15,0
1.2,1.15,0
1.25,1.15,0
1.3,1.15,0
1.35,1.15,0
1.4,1.15,0
1.45,1.15,0
1.5,1.15,0
1.55,1.15,0
1.6,1.15,0
1.65,1.15,0
1.7,1.15,0
1.75,1.15,0
1.8,1.15,0
1.85,1.15,0
1.9,1.15,0
1.95,1.15,0
2,1.15,0
2.05,1.15,0
2.1,1.15,0
2.15,1.15,0
2.2,1.15,0
2.25,1.15,0
2.3,1.15,0
2.35,1.15,0
2.4,1.15,0
2.45,1.15,0
2.5,1.15,0
2.55,1.15,0
2.6,1.15,0
2.65,1.15,0
2.7,1.15,99
2.75,1.15,99
2.8,1.15,100
2.85,1.15,99
2.9,1.15,99
2.95,1.15,20
3,1.15,18
3.05,1.15,17
3.1,1.15,16
3.15,1.15,14
3.2,1.15,13
3.25,1.15,11
3.3,1.15,10
3.35,1.15,9
3.4,1.15,8
3.45,1.15,7
4.76837e-08,1.2,1
0.05,1.2,2
0.1,1.2,2
0.15,1.2,2
0.2,1.2,2
0.25,1.2,0
0.3,1.2,0
0.35,1.2,0
0.4,1.2,0
0.45,1.2,0
0.5,1.2,0
0.55,1.2,0
0.6,1.2,0
0.65,1.2,0
0.7,1.2,0
0.75,1.2,0
0.8,1.2,0
0.85,1.2,0
0.9,1.2,0
0.95,1.2,0
1,1.2,0
1.05,1.2,0
1.1,1.2,0
1.15,1.2,0
1.2,1.2,0
1.25,1.2,0
1.3,1.2,0
1.35,1.2,0
1.4,1.2,0
1.45,1.2,0
1.5,1.2,0
1.55,1.2,0
1.6,1.2,0
1.65,1.2,0
1.7,1.2,0
1.75,1.2,0
1.8,1.2,0
1.85,1.2,0
1.9,1.2,0
1.95,1.2,0
2,1.2,0
2.05,1.2,0
2.1,1.2,0
2.15,1.2,0
2.2,1.2,0
2.25,1.2,0
2.3,1.2,0
2.35,1.2,0
2.4,1.2,0
2.45,1.2,0
2.5,1.2,0
2.55,1.2,0
2.6,1.2,0
2.65,1.2,0
2.7,1.2,99
2.75,1.2,99
2.8,1.2,100
2.85,1.2,99
2.9,1.2,99
2.95,1.2,20
3,1.2,19
3.05,1.2,17
3.1,1.2,16
3.15,1.2,15
3.2,1.2,13
3.25,1.2,12
3.3,1.2,10
3.35,1.2,9
3.4,1.2,8
3.45,1.2,7
4.76837e-08,1.25,1
0.05,1.25,1
0.1,1.25,2
0.15,1.25,2
0.2,1.25,2
0.25,1.25,0
0.3,1.25,0
0.35,1.25,0
0.4,1.25,0
0.45,1.25,0
0.5,1.25,0
0.55,1.25,0
0.6,1.25,0
0.65,1.25,0
0.7,1.25,0
0.75,1.25,0
0.8,1.25,0
0.85,1.25,0
0.9,1.25,0
0.95,1.25,0
1,1.25,0
1.05,1.25,0
1.1,1.25,0
1.15,1.25,0
1.2,1.25,0
1.25,1.25,99
1.3,1.25,99
1.35,1.25,99
1.4,1.25,99
1.45,1.25,99
1.5,1.25,99
1.55,1.25,0
1.6,1.25,0
1.65,1.25,0
1.7,1.25,0
1.75,1.25,0
1.8,1.25,0
1.85,1.25,0
1.9,1.25,0
1.95,1.25,0
2,1.25,0
2.05,1.25,0
2.1,1.25,0
2.15,1.25,0
2.2,1.25,0
2.25,1.25,0
2.3,1.25,0
2.35,1.25,0
2.4,1.25,0
2.45,1.25,0
2.5,1.25,0
2.55,1.25,0
2.6,1.25,0
2.65,1.25,0
2.7,1.25,99
2.75,1.25,99
2.8,1.25,100
2.85,1.25,99
2.9,1.25,99
2.95,1.25,21
3,1.25,19
3.05,1.25,18
3.1,1.25,16
3.15,1.25,15
3.2,1.25,13
3.25,1.25,12
3.3,1.25,11
3.35,1.25,9
3.4,1.25,8
3.45,1.25,7
4.76837e-08,1.3,1
0.05,1.3,1
0.1,1.3,2
0.15,1.3,2
0.2,1.3,2
0.25,1.3,0
0.3,1.3,0
0.35,1.3,0
0.4,1.3,0
0.45,1.3,0
0.5,1.3,0
0.55,1.3,0
0.6,1.3,0
0.65,1.3,0
0.7,1.3,0
0.75,1.3,0
0.8,1.3,0
0.85,1.3,0
0.9,1.3,0
0.95,1.3,0
1,1.3,0
1.05,1.3,0
1.1,1.3,0
1.15,1.3,0
1.2,1.3,99
1.25,1.3,99
1.3,1.3,99
1.35,1.3,99
1.4,1.3,99
1.45,1.3,99
1.5,1.3,99
1.55,1.3,99
1.6,1.3,99
1.65,1.3,0
1.7,1.3,0
1.75,1.3,0
1.8,1.3,0
1.85,1.3,0
1.9,1.3,0
1.95,1.3,0
2,1.3,0
2.05,1.3,0
2.1,1.3,0
2.15,1.3,0
2.2,1.3,0
2.25,1.3,0
2.3,1.3,0
2.35,1.3,0
2.4,1.3,0
2.45,1.3,0
2.5,1.3,0
2.55,1.3,0
2.6,1.3,0
2.65,1.3,0
2.7,1.3,99
2.75,1.3,99
2.8,1.3,100
2.85,1.3,99
2.9,1.3,99
2.95,1.3,21
3,1.3,20
3.05,1.3,18
3.1,1.3,17
3.15,1.3,15
3.2,1.3,14
3.25,1.3,12
3.3,1.3,11
3.35,1.3,9
3.4,1.3,8
3.45,1.3,7
4.76837e-08,1.35,1
0.05,1.35,1
0.1,1.35,2
0.15,1.35,2
0.2,1.35,2
0.25,1.35,3
0.3,1.35,0
0.35,1.35,0
0.4,1.35,0
0.45,1.35,0
0.5,1.35,0
0.55,1.35,0
0.6,1.35,0
0.65,1.35,0
0.7,1.35,0
0.75,1.35,0
0.8,1.35,0
0.85,1.35,0
0.9,1.35,0
0.95,1.35,0
1,1.35,0
1.05,1.35,0
1.1,1.35,0
1.15,1.35,99
1.2,1.35,99
1.25,1.35,100
1.3,1.35,100
1.35,1.35,100
1.4,1.35,100
1.45,1.35,100
1.5,1.35,100
1.55,1.35,99
1.6,1.35,99
1.65,1.35,99
1.7,1.35,0
1.75,1.35,0
1.8,1.35,0
1.85,1.35,0
1.9,1.35,0
1.95,1.35,0
2,1.35,0
2.05,1.35,0
2.1,1.35,0
2.15,1.35,0
2.2,1.35,0
2.25,1.35,0
2.3,1.35,0
2.35,1.35,0
2.4,1.35,0
2.45,1.35,0
2.5,1.35,0
2.55,1.35,0
2.6,1.35,0
2.65,1.35,0
2.7,1.35,99
2.75,1.35,99
2.8,1.35,100
2.85,1.35,99
2.9,1.35,99
2.95,1.35,21
3,1.35,20
3.05,1.35,19
3.1,1.35,17
3.15,1.35,15
3.2,1.35,14
3.25,1.35,12
3.3,1.35,11
3.35,1.35,9
3.4,1.35,8
3.45,1.35,7
4.76837e-08,1.4,1
0.05,1.4,1
0.1,1.4,1
0.15,1.4,2
0.2,1.4,2
0.25,1.4,3
0.3,1.4,0
0.35,1.4,0
0.4,1.4,0
0.45,1.4,0
0.5,1.4,0
0.55,1.4,0
0.6,1.4,0
0.65,1.4,0
0.7,1.4,0
0.75,1.4,0
0.8,1.4,0
0.85,1.4,0
0.9,1.4,0
0.95,1.4,0
1,1.4,0
1.05,1.4,0
1.1,1.4,99
1.15,1.4,99
1.2,1.4,100
1.25,1.4,100
1.3,1.4,99
1.35,1.4,99
1.4,1.4,99
1.45,1.4,99
1.5,1.4,100
1.55,1.4,100
1.6,1.4,100
1.65,1.4,99
1.7,1.4,99
1.75,1.4,0
1.8,1.4,0
1.85,1.4,0
1.9,1.4,0
1.95,1.4,0
2,1.4,0
2.05,1.4,0
2.1,1.4,0
2.15,1.4,0
2.2,1.4,0
2.25,1.4,0
2.3,1.4,0
2.35,1.4,0
2.4,1.4,0
2.45,1.4,0
2.5,1.4,0
2.55,1.4,0
2.6,1.4,0
2.65,1.4,0
2.7,1.4,99
2.75,1.4,99
2.8,1.4,100
2.85,1.4,99
2.9,1.4,99
2.95,1.4,22
3,1.4,20
3.05,1.4,19
3.1,1.4,17
3.15,1.4,16
3.2,1.4,14
3.25,1.4,12
3.3,1.4,11
3.35,1.4,10
3.4,1.4,8
3.45,1.4,7
4.76837e-08,1.45,1
0.05,1.45,1
0.1,1.45,1
0.15,1.45,2
0.2,1.45,2
0.25,1.45,3
0.3,1.45,0
0.35,1.45,0
0.4,1.45,0
0.45,1.45,0
0.5,1.45,0
0.55,1.45,0
0.6,1.45,0
0.65,1.45,0
0.7,1.45,0
0.75,1.45,0
0.8,1.45,0
0.85,1.45,0
0.9,1.45,0
0.95,1.45,0
1,1.45,0
1.05,1.45,0
1.1,1.45,99
1.15,1.45,99
1.2,1.45,100
1.25,1.45,99
1.3,1.45,99
1.35,1.45,99
1.4,1.45,99
1.45,1.45,99
1.5,1.45,99
1.55,1.45,99
1.6,1.45,99
1.65,1.45,99
1.7,1.45,0
1.75,1.45,0
1.8,1.45,0
1.85,1.45,0
1.9,1.45,0
1.95,1.45,0
2,1.45,0
2.05,1.45,0
2.1,1.45,0
2.15,1.45,0
2.2,1.45,0
2.25,1.45,0
2.3,1.45,0
2.35,1.45,0
2.4,1.45,0
2.45,1.45,0
2.5,1.45,0
2.55,1.45,0
2.6,1.45,0
2.65,1.45,0
2.7,1.45,99
2.75,1.45,99
2.8,1.45,100
2.85,1.45,99
2.9,1.45,99
2.95,1.45,22
3,1.45,20
3.05,1.45,19
3.1,1.45,17
3.15,1.45,16
3.2,1.45,14
3.25,1.45,12
3.3,1.45,11
3.35,1.45,10
3.4,1.45,8
3.45,1.45,7
4.76837e-08,1.5,1
0.05,1.5,1
0.1,1.5,1
0.15,1.5,2
0.2,1.5,2
0.25,1.5,3
0.3,1.5,0
0.35,1.5,0
0.4,1.5,0
0.45,1.5,0
0.5,1.5,0
0.55,1.5,0
0.6,1.5,0
0.65,1.5,0
0.7,1.5,0
0.75,1.5,0
0.8,1.5,0
0.85,1.5,0
0.9,1.5,0
0.95,1.5,0
1,1.5,0
1.05,1.5,0
1.1,1.5,99
1.15,1.5,99
1.2,1.5,100
1.25,1.5,99
1.3,1.5,99
1.35,1.5,0
1.4,1.5,0
1.45,1.5,0
1.5,1.5,99
1.55,1.5,99
1.6,1.5,99
1.65,1.5,0
1.7,1.5,0
1.75,1.5,0
1.8,1.5,0
1.85,1.5,0
1.9,1.5,0
1.95,1.5,0
2,1.5,0
2.05,1.5,0
2.1,1.5,0
2.15,1.5,0
2.2,1.5,0
2.25,1.5,0
2.3,1.5,0
2.35,1.5,0
2.4,1.5,0
2.45,1.5,0
2.5,1.5,0
2.55,1.5,0
2.6,1.5,0
2.65,1.5,0
2.7,1.5,99
2.75,1.5,99
2.8,1.5,100
2.85,1.5,99
2.9,1.5,99
2.95,1.5,22
3,1.5,20
3.05,1.5,19
3.1,1.5,17
3.15,1.5,16
3.2,1.5,14
3.25,1.5,12
3.3,1.5,11
3.35,1.5,10
3.4,1.5,8
3.45,1.5,7
4.76837e-08,1.55,1
0.05,1.55,1
0.1,1.55,1
0.15,1.55,2
0.2,1.55,2
0.25,1.55,3
0.3,1.55,3
0.35,1.55,0
0.4,1.55,0
0.45,1.55,0
0.5,1.55,0
0.55,1.55,0
0.6,1.55,0
0.65,1.55,0
0.7,1.55,0
0.75,1.55,0
0.8,1.55,0
0.85,1.55,0
0.9,1.55,0
0.95,1.55,0
1,1.55,0
1.05,1.55,0
1.1,1.55,99
1.15,1.55,99
1.2,1.55,100
1.25,1.55,99
1.3,1.55,99
1.35,1.55,0
1.4,1.55,0
1.45,1.55,0
1.5,1.55,0
1.55,1.55,0
1.6,1.55,0
1.65,1.55,0
1.7,1.55,0
1.75,1.55,0
1.8,1.55,0
1.85,1.55,0
1.9,1.55,0
1.95,1.55,0
2,1.55,0
2.05,1.55,0
2.1,1.55,0
2.15,1.55,0
2.2,1.55,0
2.25,1.55,0
2.3,1.55,0
2.35,1.55,0
2.4,1.55,0
2.45,1.55,0
2.5,1.55,0
2.55,1.55,0
2.6,1.55,0
2.65,1.55,99
2.7,1.55,99
2.75,1.55,100
2.8,1.55,100
2.85,1.55,99
2.9,1.55,99
2.95,1.55,22
3,1.55,21
3.05,1.55,19
3.1,1.55,17
3.15,1.55,16
3.2,1.55,14
3.25,1.55,12
3.3,1.55,11
3.35,1.55,10
3.4,1.55,8
3.45,1.55,7
4.76837e-08,1.6,1
0.05,1.6,1
0.1,1.6,1
0.15,1.6,2
0.2,1.6,2
0.25,1.6,3
0.3,1.6,3
0.35,1.6,0
0.4,1.6,0
0.45,1.6,0
0.5,1.6,0
0.55,1.6,0
0.6,1.6,0
0.65,1.6,0
0.7,1.6,0
0.75,1.6,0
0.8,1.6,0
0.85,1.6,0
0.9,1.6,0
0.95,1.6,0
1,1.6,0
1.05,1.6,0
1.1,1.6,99
1.15,1.6,99
1.2,1.6,100
1.25,1.6,99
1.3,1.6,99
1.35,1.6,0
1.4,1.6,0
1.45,1.6,0
1.5,1.6,0
1.55,1.6,0
1.6,1.6,0
1.65,1.6,0
1.7,1.6,0
1.75,1.6,0
1.8,1.6,0
1.85,1.6,0
1.9,1.6,0
1.95,1.6,0
2,1.6,0
2.05,1.6,0
2.1,1.6,0
2.15,1.6,0
2.2,1.6,0
2.25,1.6,0
2.3,1.6,0
2.35,1.6,0
2.4,1.6,0
2.45,1.6,0
2.5,1.6,0
2.55,1.6,0
2.6,1.6,0
2.65,1.6,99
2.7,1.6,99
2.75,1.6,100
2.8,1.6,99
2.85,1.6,99
2.9,1.6,23
2.95,1.6,22
3,1.6,21
3.05,1.6,19
3.1,1.6,17
3.15,1.6,16
3.2,1.6,14
3.25,1.6,12
3.3,1.6,11
3.35,1.6,9
3.4,1.6,8
3.45,1.6,7
4.76837e-08,1.65,1
0.05,1.65,1
0.1,1.65,1
0.15,1.65,2
0.2,1.65,2
0.25,1.65,3
0.3,1.65,3
0.35,1.65,0
0.4,1.65,0
0.45,1.65,0
0.5,1.65,0
0.55,1.65,0
0.6,1.65,0
0.65,1.65,0
0.7,1.65,0
0.75,1.65,0
0.8,1.65,0
0.85,1.65,0
0.9,1.65,0
0.95,1.65,0
1,1.65,0
1.05,1.65,0
1.1,1.65,99
1.15,1.65,99
1.2,1.65,100
1.25,1.65,99
1.3,1.65,99
1.35,1.65,0
1.4,1.65,0
1.45,1.65,0
1.5,1.65,0
1.55,1.65,0
1.6,1.65,0
1.65,1.65,0
1.7,1.65,0
1.75,1.65,0
1.8,1.65,0
1.85,1.65,0
1.9,1.65,0
1.95,1.65,0
2,1.65,0
2.05,1.65,0
2.1,1.65,0
2.15,1.65,0
2.2,1.65,0
2.25,1.65,0
2.3,1.65,0
2.35,1.65,0
2.4,1.65,0
2.45,1.65,0
2.5,1.65,0
2.55,1.65,0
2.6,1.65,0
2.65,1.65,99
2.7,1.65,99
2.75,1.65,100
2.8,1.65,99
2.85,1.65,99
2.9,1.65,0
2.95,1.65,22
3,1.65,20
3.05,1.65,19
3.1,1.65,17
3.15,1.65,16
3.2,1.65,14
3.25,1.65,12
3.3,1.65,11
3.35,1.65,9
3.4,1.65,8
3.45,1.65,7
4.76837e-08,1.7,1
0.05,1.7,1
0.1,1.7,1
0.15,1.7,2
0.2,1.7,2
0.25,1.7,3
0.3,1.7,3
0.35,1.7,0
0.4,1.7,0
0.45,1.7,0
0.5,1.7,0
0.55,1.7,0
0.6,1.7,0
0.65,1.7,0
0.7,1.7,0
0.75,1.7,0
0.8,1.7,0
0.85,1.7,0
0.9,1.7,0
0.95,1.7,0
1,1.7,0
1.05,1.7,0
1.1,1.7,99
1.15,1.7,99
1.2,1.7,100
1.25,1.7,99
1.3,1.7,99
1.35,1.7,0
1.4,1.7,0
1.45,1.7,0
1.5,1.7,0
1.55,1.7,0
1.6,1.7,0
1.65,1.7,0
1.7,1.7,0
1.75,1.7,0
1.8,1.7,0
1.85,1.7,0
1.9,1.7,0
1.95,1.7,0
2,1.7,0
2.05,1.7,0
2.1,1.7,0
2.15,1.7,0
2.2,1.7,0
2.25,1.7,0
2.3,1.7,0
2.35,1.7,0
2.4,1.7,0
2.45,1.7,0
2.5,1.7,0
2.55,1.7,0
2.6,1.7,0
2.65,1.7,99
2.7,1.7,99
2.75,1.7,100
2.8,1.7,99
2.85,1.7,99
2.9,1.7,0
2.95,1.7,0
3,1.7,0
3.05,1.7,19
3.1,1.7,17
3.15,1.7,16
3.2,1.7,14
3.25,1.7,12
3.3,1.7,11
3.35,1.7,9
3.4,1.7,8
3.45,1.7,7
4.76837e-08,1.75,1
0.05,1.75,1
0.1,1.75,1
0.15,1.75,2
0.2,1.75,2
0.25,1.75,3
0.3,1.75,3
0.35,1.75,4
0.4,1.75,0
0.45,1.75,0
0.5,1.75,0
0.55,1.75,0
0.6,1.75,0
0.65,1.75,0
0.7,1.75,0
0.75,1.75,0
0.8,1.75,0
0.85,1.75,0
0.9,1.75,0
0.95,1.75,0
1,1.75,0
1.05,1.75,0
1.1,1.75,99
1.15,1.75,99
1.2,1.75,100
1.25,1.75,99
1.3,1.75,99
1.35,1.75,0
1.4,1.75,0
1.45,1.75,0
1.5,1.75,0
1.55,1.75,0
1.6,1.75,0
1.65,1.75,0
1.7,1.75,0
1.75,1.75,0
1.8,1.75,0
1.85,1.75,0
1.9,1.75,0
1.95,1.75,0
2,1.75,0
2.05,1.75,0
2.1,1.75,0
2.15,1.75,0
2.2,1.75,0
2.25,1.75,0
2.3,1.75,0
2.35,1.75,0
2.4,1.75,0
2.45,1.75,0
2.5,1.75,0
2.55,1.75,0
2.6,1.75,0
2.65,1.75,99
2.7,1.75,99
2.75,1.75,100
2.8,1.75,99
2.85,1.75,99
2.9,1.75,0
2.95,1.75,0
3,1.75,0
3.05,1.75,0
3.1,1.75,0
3.15,1.75,15
3.2,1.75,14
3.25,1.75,12
3.3,1.75,11
3.35,1.75,9
3.4,1.75,8
3.45,1.75,7
4.76837e-08,1.8,1
0.05,1.8,1
0.1,1.8,1
0.15,1.8,2
0.2,1.8,2
0.25,1.8,3
0.3,1.8,3
0.35,1.8,4
0.4,1.8,0
0.45,1.8,0
0.5,1.8,0
0.55,1.8,0
0.6,1.8,0
0.65,1.8,0
0.7,1.8,0
0.75,1.8,0
0.8,1.8,0
0.85,1.8,0
0.9,1.8,0
0.95,1.8,0
1,1.8,0
1.05,1.8,0
1.1,1.8,0
1.15,1.8,99
1.2,1.8,99
1.25,1.8,99
1.3,1.8,0
1.35,1.8,0
1.4,1.8,0
1.45,1.8,0
1.5,1.8,0
1.55,1.8,0
1.6,1.8,0
1.65,1.8,0
1.7,1.8,0
1.75,1.8,0
1.8,1.8,0
1.85,1.8,0
1.9,1.8,0
1.95,1.8,0
2,1.8,0
2.05,1.8,0
2.1,1.8,0
2.15,1.8,0
2.2,1.8,0
2.25,1.8,0
2.3,1.8,0
2.35,1.8,0
2.4,1.8,0
2.45,1.8,0
2.5,1.8,0
2.55,1.8,0
2.6,1.8,0
2.65,1.8,99
2.7,1.8,99
2.75,1.8,100
2.8,1.8,99
2.85,1.8,99
2.9,1.8,0
2.95,1.8,0
3,1.8,0
3.05,1.8,0
3.1,1.8,0
3.15,1.8,0
3.2,1.8,14
3.25,1.8,12
3.3,1.8,10
3.35,1.8,9
3.4,1.8,8
3.45,1.8,7
4.76837e-08,1.85,1
0.05,1.85,1
0.1,1.85,1
0.15,1.85,2
0.2,1.85,2
0.25,1.85,3
0.3,1.85,3
0.35,1.85,4
0.4,1.85,0
0.45,1.85,0
0.5,1.85,0
0.55,1.85,0
0.6,1.85,0
0.65,1.85,0
0.7,1.85,0
0.75,1.85,0
0.8,1.85,0
0.85,1.85,0
0.9,1.85,0
0.95,1.85,0
1,1.85,0
1.05,1.85,0
1.1,1.85,0
1.15,1.85,0
1.2,1.85,99
1.25,1.85,0
1.3,1.85,0
1.35,1.85,0
1.4,1.85,0
1.45,1.85,0
1.5,1.85,0
1.55,1.85,0
1.6,1.85,0
1.65,1.85,0
1.7,1.85,0
1.75,1.85,0
1.8,1.85,0
1.85,1.85,0
1.9,1.85,0
1.95,1.85,0
2,1.85,0
2.05,1.85,0
2.1,1.85,0
2.15,1.85,0
2.2,1.85,0
2.25,1.85,0
2.3,1.85,0
2.35,1.85,0
2.4,1.85,0
2.45,1.85,0
2.5,1.85,0
2.55,1.85,0
2.6,1.85,0
2.65,1.85,99
2.7,1.85,99
2.75,1.85,100
2.8,1.85,99
2.85,1.85,99
2.9,1.85,0
2.95,1.85,0
3,1.85,0
3.05,1.85,0
3.1,1.85,0
3.15,1.85,0
3.2,1.85,0
3.25,1.85,0
3.3,1.85,10
3.35,1.85,9
3.4,1.85,8
3.45,1.85,6
4.76837e-08,1.9,1
0.05,1.9,1
0.1,1.9,1
0.15,1.9,2
0.2,1.9,2
0.25,1.9,3
0.3,1.9,4
0.35,1.9,4
0.4,1.9,0
0.45,1.9,0
0.5,1.9,0
0.55,1.9,0
0.6,1.9,0
0.65,1.9,0
0.7,1.9,0
0.75,1.9,0
0.8,1.9,0
0.85,1.9,0
0.9,1.9,0
0.95,1.9,0
1,1.9,0
1.05,1.9,0
1.1,1.9,0
1.15,1.9,0
1.2,1.9,0
1.25,1.9,0
1.3,1.9,0
1.35,1.9,0
1.4,1.9,0
1.45,1.9,0
1.5,1.9,0
1.55,1.9,0
1.6,1.9,0
1.65,1.9,0
1.7,1.9,0
1.75,1.9,0
1.8,1.9,0
1.85,1.9,0
1.9,1.9,0
1.95,1.9,0
2,1.9,0
2.05,1.9,0
2.1,1.9,0
2.15,1.9,0
2.2,1.9,0
2.25,1.9,0
2.3,1.9,0
2.35,1.9,0
2.4,1.9,0
2.45,1.9,0
2.5,1.9,0
2.55,1.9,0
2.6,1.9,0
2.65,1.9,99
2.7,1.9,99
2.75,1.9,100
2.8,1.9,99
2.85,1.9,99
2.9,1.9,0
2.95,1.9,0
3,1.9,0
3.05,1.9,0
3.1,1.9,0
3.15,1.9,0
3.2,1.9,0
3.25,1.9,0
3.3,1.9,0
3.35,1.9,0
3.4,1.9,7
3.45,1.9,6
4.76837e-08,1.95,1
0.05,1.95,1
0.1,1.95,2
0.15,1.95,2
0.2,1.95,2
0.25,1.95,3
0.3,1.95,4
0.35,1.95,4
0.4,1.95,5
0.45,1.95,0
0.5,1.95,0
0.55,1.95,0
0.6,1.95,0
0.65,1.95,0
0.7,1.95,0
0.75,1.95,0
0.8,1.95,0
0.85,1.95,0
0.9,1.95,0
0.95,1.95,0
1,1.95,0
1.05,1.95,0
1.1,1.95,0
1.15,1.95,0
1.2,1.95,0
1.25,1.95,0
1.3,1.95,0
1.35,1.95,0
1.4,1.95,0
1.45,1.95,0
1.5,1.95,0
1.55,1.95,0
1.6,1.95,0
1.65,1.95,0
1.7,1.95,0
1.75,1.95,0
1.8,1.95,0
1.85,1.95,0
1.9,1.95,0
1.95,1.95,0
2,1.95,0
2.05,1.95,0
2.1,1.95,0
2.15,1.95,0
2.2,1.95,0
2.25,1.95,0
2.3,1.95,0
2.35,1.95,0
2.4,1.95,0
2.45,1.95,0
2.5,1.95,0
2.55,1.95,0
2.6,1.95,0
2.65,1.95,99
2.7,1.95,99
2.75,1.95,100
2.8,1.95,99
2.85,1.95,99
2.9,1.95,0
2.95,1.95,0
3,1.95,0
3.05,1.95,0
3.1,1.95,0
3.15,1.95,0
3.2,1.95,0
3.25,1.95,0
3.3,1.95,0
3.35,1.95,0
3.4,1.95,0
3.45,1.95,0
4.76837e-08,2,1
0.05,2,1
0.1,2,2
0.15,2,2
0.2,2,2
0.25,2,3
0.3,2,4
0.35,2,5
0.4,2,6
0.45,2,0
0.5,2,0
0.55,2,0
0.6,2,0
0.65,2,0
0.7,2,0
0.75,2,0
0.8,2,0
0.85,2,0
0.9,2,0
0.95,2,0
1,2,0
1.05,2,0
1.1,2,0
1.15,2,0
1.2,2,0
1.25,2,0
1.3,2,0
1.35,2,0
1.4,2,0
1.45,2,0
1.5,2,0
1.55,2,0
1.6,2,0
1.65,2,0
1.7,2,0
1.75,2,0
1.8,2,0
1.85,2,0
1.9,2,0
1.95,2,0
2,2,0
2.05,2,0
2.1,2,0
2.15,2,0
2.2,2,0
2.25,2,0
2.3,2,0
2.35,2,0
2.4,2,0
2.45,2,0
2.5,2,0
2.55,2,0
2.6,2,0
2.65,2,99
2.7,2,99
2.75,2,100
2.8,2,99
2.85,2,99
2.9,2,0
2.95,2,0
3,2,0
3.05,2,0
3.1,2,0
3.15,2,0
3.2,2,0
3.25,2,0
3.3,2,0
3.35,2,0
3.4,2,0
3.45,2,0
4.76837e-08,2.05,1
0.05,2.05,1
0.1,2.05,2
0.15,2.05,2
0.2,2.05,3
0.25,2.05,3
0.3,2.05,4
0.35,2.05,5
0.4,2.05,6
0.45,2.05,0
0.5,2.05,0
0.55,2.05,0
0.6,2.05,0
0.65,2.05,0
0.7,2.05,0
0.75,2.05,0
0.8,2.05,0
0.85,2.05,0
0.9,2.05,0
0.95,2.05,0
1,2.05,0
1.05,2.05,0
1.1,2.05,0
1.15,2.05,0
1.2,2.05,0
1.25,2.05,0
1.3,2.05,0
1.35,2.05,0
1.4,2.05,0
1.45,2.05,0
1.5,2.05,0
1.55,2.05,0
1.6,2.05,0
1.65,2.05,0
1.7,2.05,0
1.75,2.05,0
1.8,2.05,0
1.85,2.05,0
1.9,2.05,0
1.95,2.05,0
2,2.05,0
2.05,2.05,0
2.1,2.05,0
2.15,2.05,0
2.2,2.05,0
2.25,2.05,0
2.3,2.05,0
2.35,2.05,0
2.4,2.05,0
2.45,2.05,0
2.5,2.05,0
2.55,2.05,0
2.6,2.05,0
2.65,2.05,99
2.7,2.05,99
2.75,2.05,100
2.8,2.05,99
2.85,2.05,99
2.9,2.05,0
2.95,2.05,0
3,2.05,0
3.05,2.05,0
3.1,2.05,0
3.15,2.05,0
3.2,2.05,0
3.25,2.05,0
3.3,2.05,0
3.35,2.05,0
3.4,2.05,0
3.45,2.05,0
4.76837e-08,2.1,1
0.05,2.1,1
0.1,2.1,2
0.15,2.1,2
0.2,2.1,3
0.25,2.1,3
0.3,2.1,4
0.35,2.1,5
0.4,2.1,6
0.45,2.1,0
0.5,2.1,0
0.55,2.1,0
0.6,2.1,0
0.65,2.1,0
0.7,2.1,0
0.75,2.1,0
0.8,2.1,0
0.85,2.1,0
0.9,2.1,0
0.95,2.1,0
1,2.1,0
1.05,2.1,0
1.1,2.1,0
1.15,2.1,0
1.2,2.1,0
1.25,2.1,0
1.3,2.1,0
1.35,2.1,0
1.4,2.1,0
1.45,2.1,0
1.5,2.1,0
1.55,2.1,0
1.6,2.1,0
1.65,2.1,0
1.7,2.1,0
1.75,2.1,0
1.8,2.1,0
1.85,2.1,0
1.9,2.1,0
1.95,2.1,0
2,2.1,0
2.05,2.1,0
2.1,2.1,0
2.15,2.1,0
2.2,2.1,0
2.25,2.1,0
2.3,2.1,0
2.35,2.1,0
2.4,2.1,0
2.45,2.1,0
2.5,2.1,0
2.55,2.1,0
2.6,2.1,0
2.65,2.1,99
2.7,2.1,99
2.75,2.1,100
2.8,2.1,99
2.85,2.1,99
2.9,2.1,0
2.95,2.1,0
3,2.1,0
3.05,2.1,0
3.1,2.1,0
3.15,2.1,0
3.2,2.1,0
3.25,2.1,0
3.3,2.1,0
3.35,2.1,0
3.4,2.1,0
3.45,2.1,0
4.76837e-08,2.15,1
0.05,2.15,1
0.1,2.15,2
0.15,2.15,2
0.2,2.15,3
0.25,2.15,3
0.3,2.15,4
0.35,2.15,5
0.4,2.15,6
0.45,2.15,7
0.5,2.15,0
0.55,2.15,0
0.6,2.15,0
0.65,2.15,0
0.7,2.15,0
0.75,2.15,0
0.8,2.15,0
0.85,2.15,0
0.9,2.15,0
0.95,2.15,0
1,2.15,0
1.05,2.15,0
1.1,2.15,0
1.15,2.15,0
1.2,2.15,0
1.25,2.15,0
1.3,2.15,0
1.35,2.15,0
1.4,2.15,0
1.45,2.15,0
1.5,2.15,0
1.55,2.15,0
1.6,2.15,0
1.65,2.15,0
1.7,2.15,0
1.75,2.15,0
1.8,2.15,0
1.85,2.15,0
1.9,2.15,0
1.95,2.15,0
2,2.15,0
2.05,2.15,0
2.1,2.15,0
2.15,2.15,0
2.2,2.15,0
2.25,2.15,0
2.3,2.15,0
2.35,2.15,0
2.4,2.15,0
2.45,2.15,0
2.5,2.15,0
2.55,2.15,0
2.6,2.15,99
2.65,2.15,99
2.7,2.15,100
2.75,2.15,100
2.8,2.15,99
2.85,2.15,99
2.9,2.15,0
2.95,2.15,0
3,2.15,0
3.05,2.15,0
3.1,2.15,0
3.15,2.15,0
3.2,2.15,0
3.25,2.15,0
3.3,2.15,0
3.35,2.15,0
3.4,2.15,0
3.45,2.15,0
4.76837e-08,2.2,1
0.05,2.2,2
0.1,2.2,2
0.15,2.2,2
0.2,2.2,3
0.25,2.2,3
0.3,2.2,4
0.35,2.2,5
0.4,2.2,6
0.45,2.2,7
0.5,2.2,0
0.55,2.2,0
0.6,2.2,0
0.65,2.2,0
0.7,2.2,0
0.75,2.2,0
0.8,2.2,0
0.85,2.2,0
0.9,2.2,0
0.95,2.2,0
1,2.2,0
1.05,2.2,0
1.1,2.2,0
1.15,2.2,0
1.2,2.2,0
1.25,2.2,0
1.3,2.2,0
1.35,2.2,0
1.4,2.2,0
1.45,2.2,0
1.5,2.2,0
1.55,2.2,0
1.6,2.2,0
1.65,2.2,0
1.7,2.2,0
1.75,2.2,0
1.8,2.2,0
1.85,2.2,0
1.9,2.2,0
1.95,2.2,0
2,2.2,0
2.05,2.2,0
2.1,2.2,0
2.15,2.2,0
2.2,2.2,0
2.25,2.2,0
2.3,2.2,0
2.35,2.2,0
2.4,2.2,0
2.45,2.2,0
2.5,2.2,0
2.55,2.2,0
2.6,2.2,99
2.65,2.2,99
2.7,2.2,100
2.75,2.2,99
2.8,2.2,99
2.85,2.2,0
2.9,2.2,0
2.95,2.2,0
3,2.2,0
3.05,2.2,0
3.1,2.2,0
3.15,2.2,0
3.2,2.2,0
3.25,2.2,0
3.3,2.2,0
3.35,2.2,0
3.4,2.2,0
3.45,2.2,0
4.76837e-08,2.25,1
0.05,2.25,2
0.1,2.25,2
0.15,2.25,2
0.2,2.25,3
0.25,2.25,4
0.3,2.25,4
0.35,2.25,5
0.4,2.25,6
0.45,2.25,7
0.5,2.25,0
0.55,2.25,0
0.6,2.25,0
0.65,2.25,0
0.7,2.25,0
0.75,2.25,0
0.8,2.25,0
0.85,2.25,0
0.9,2.25,0
0.95,2.25,0
1,2.25,0
1.05,2.25,0
1.1,2.25,0
1.15,2.25,0
1.2,2.25,0
1.25,2.25,0
1.3,2.25,0
1.35,2.25,0
1.4,2.25,0
1.45,2.25,0
1.5,2.25,0
1.55,2.25,0
1.6,2.25,0
1.65,2.25,0
1.7,2.25,0
1.75,2.25,0
1.8,2.25,0
1.85,2.25,0
1.9,2.25,0
1.95,2.25,0
2,2.25,0
2.05,2.25,0
2.1,2.25,0
2.15,2.25,0
2.2,2.25,0
2.25,2.25,0
2.3,2.25,0
2.35,2.25,0
2.4,2.25,0
2.45,2.25,0
2.5,2.25,0
2.55,2.25,0
2.6,2.25,99
2.65,2.25,99
2.7,2.25,100
2.75,2.25,99
2.8,2.25,99
2.85,2.25,0
2.9,2.25,0
2.95,2.25,0
3,2.25,0
3.05,2.25,0
3.1,2.25,0
3.15,2.25,0
3.2,2.25,0
3.25,2.25,0
3.3,2.25,0
3.35,2.25,0
3.4,2.25,0
3.45,2.25,0
4.76837e-08,2.3,2
0.05,2.3,2
0.1,2.3,2
0.15,2.3,3
0.2,2.3,3
0.25,2.3,4
0.3,2.3,4
0.35,2.3,5
0.4,2.3,6
0.45,2.3,8
0.5,2.3,0
0.55,2.3,0
0.6,2.3,0
0.65,2.3,0
0.7,2.3,0
0.75,2.3,0
0.8,2.3,0
0.85,2.3,0
0.9,2.3,0
0.95,2.3,0
1,2.3,0
1.05,2.3,0
1.1,2.3,0
1.15,2.3,0
1.2,2.3,0
1.25,2.3,0
1.3,2.3,0
1.35,2.3,0
1.4,2.3,0
1.45,2.3,0
1.5,2.3,0
1.55,2.3,0
1.6,2.3,0
1.65,2.3,0
1.7,2.3,0
1.75,2.3,0
1.8,2.3,0
1.85,2.3,0
1.9,2.3,0
1.95,2.3,0
2,2.3,0
2.05,2.3,0
2.1,2.3,0
2.15,2.3,0
2.2,2.3,0
2.25,2.3,0
2.3,2.3,0
2.35,2.3,0
2.4,2.3,0
2.45,2.3,0
2.5,2.3,0
2.55,2.3,0
2.6,2.3,99
2.65,2.3,99
2.7,2.3,100
2.75,2.3,99
2.8,2.3,99
2.85,2.3,0
2.9,2.3,0
2.95,2.3,0
3,2.3,0
3.05,2.3,0
3.1,2.3,0
3.15,2.3,0
3.2,2.3,0
3.25,2.3,0
3.3,2.3,0
3.35,2.3,0
3.4,2.3,0
3.45,2.3,0
4.76837e-08,2.35,2
0.05,2.35,2
0.1,2.35,2
0.15,2.35,3
0.2,2.35,3
0.25,2.35,4
0.3,2.35,5
0.35,2.35,5
0.4,2.35,7
0.45,2.35,8
0.5,2.35,9
0.55,2.35,0
0.6,2.35,0
0.65,2.35,0
0.7,2.35,0
0.75,2.35,0
0.8,2.35,0
0.85,2.35,0
0.9,2.35,0
0.95,2.35,0
1,2.35,0
1.05,2.35,0
1.1,2.35,0
1.15,2.35,0
1.2,2.35,0
1.25,2.35,0
1.3,2.35,0
1.35,2.35,0
1.4,2.35,0
1.45,2.35,0
1.5,2.35,0
1.55,2.35,0
1.6,2.35,0
1.65,2.35,0
1.7,2.35,0
1.75,2.35,0
1.8,2.35,0
1.85,2.35,0
1.9,2.35,0
1.95,2.35,0
2,2.35,0
2.05,2.35,0
2.1,2.35,0
2.15,2.35,0
2.2,2.35,0
2.25,2.35,0
2.3,2.35,0
2.35,2.35,0
2.4,2.35,0
2.45,2.35,0
2.5,2.35,0
2.55,2.35,0
2.6,2.35,0
2.65,2.35,99
2.7,2.35,99
2.75,2.35,99
2.8,2.35,0
2.85,2.35,0
2.9,2.35,0
2.95,2.35,0
3,2.35,0
3.05,2.35,0
3.1,2.35,0
3.15,2.35,0
3.2,2.35,0
3.25,2.35,0
3.3,2.35,0
3.35,2.35,0
3.4,2.35,0
3.45,2.35,0
4.76837e-08,2.4,2
0.05,2.4,2
0.1,2.4,2
0.15,2.4,3
0.2,2.4,3
0.25,2.4,4
0.3,2.4,5
0.35,2.4,6
0.4,2.4,7
0.45,2.4,8
0.5,2.4,9
0.55,2.4,0
0.6,2.4,0
0.65,2.4,0
0.7,2.4,0
0.75,2.4,0
0.8,2.4,0
0.85,2.4,0
0.9,2.4,0
0.95,2.4,0
1,2.4,0
1.05,2.4,0
1.1,2.4,0
1.15,2.4,0
1.2,2.4,0
1.25,2.4,0
1.3,2.4,0
1.35,2.4,0
1.4,2.4,0
1.45,2.4,0
1.5,2.4,0
1.55,2.4,0
1.6,2.4,0
1.65,2.4,0
1.7,2.4,0
1.75,2.4,0
1.8,2.4,0
1.85,2.4,0
1.9,2.4,0
1.95,2.4,0
2,2.4,0
2.05,2.4,0
2.1,2.4,0
2.15,2.4,0
2.2,2.4,0
2.25,2.4,0
2.3,2.4,0
2.35,2.4,0
2.4,2.4,0
2.45,2.4,0
2.5,2.4,0
2.55,2.4,0
2.6,2.4,0
2.65,2.4,0
2.7,2.4,99
2.75,2.4,0
2.8,2.4,0
2.85,2.4,0
2.9,2.4,0
2.95,2.4,0
3,2.4,0
3.05,2.4,0
3.1,2.4,0
3.15,2.4,0
3.2,2.4,0
3.25,2.4,0
3.3,2.4,0
3.35,2.4,0
3.4,2.4,0
3.45,2.4,0
4.76837e-08,2.45,2
0.05,2.45,2
0.1,2.45,2
0.15,2.45,3
0.2,2.45,3
0.25,2.45,4
0.3,2.45,5
0.35,2.45,6
0.4,2.45,7
0.45,2.45,8
0.5,2.45,9
0.55,2.45,0
0.6,2.45,0
0.65,2.45,0
0.7,2.45,0
0.75,2.45,0
0.8,2.45,0
0.85,2.45,0
0.9,2.45,0
0.95,2.45,0
1,2.45,0
1.05,2.45,0
1.1,2.45,0
1.15,2.45,0
1.2,2.45,0
1.25,2.45,0
1.3,2.45,0
1.35,2.45,0
1.4,2.45,0
1.45,2.45,0
1.5,2.45,0
1.55,2.45,0
1.6,2.45,0
1.65,2.45,0
1.7,2.45,0
1.75,2.45,0
1.8,2.45,0
1.85,2.45,0
1.9,2.45,0
1.95,2.45,0
2,2.45,0
2.05,2.45,0
2.1,2.45,0
2.15,2.45,0
2.2,2.45,0
2.25,2.45,0
2.3,2.45,0
2.35,2.45,0
2.4,2.45,0
2.45,2.45,0
2.5,2.45,0
2.55,2.45,0
2.6,2.45,0
2.65,2.45,0
2.7,2.45,0
2.75,2.45,0
2.8,2.45,0
2.85,2.45,0
2.9,2.45,0
2.95,2.45,0
3,2.45,0
3.05,2.45,0
3.1,2.45,0
3.15,2.45,0
3.2,2.45,0
3.25,2.45,0
3.3,2.45,0
3.35,2.45,0
3.4,2.45,0
3.45,2.45,0
4.76837e-08,2.5,2
0.05,2.5,2
0.1,2.5,3
0.15,2.5,3
0.2,2.5,4
0.25,2.5,4
0.3,2.5,5
0.35,2.5,6
0.4,2.5,7
0.45,2.5,8
0.5,2.5,9
0.55,2.5,0
0.6,2.5,0
0.65,2.5,0
0.7,2.5,0
0.75,2.5,0
0.8,2.5,0
0.85,2.5,0
0.9,2.5,0
0.95,2.5,0
1,2.5,0
1.05,2.5,0
1.1,2.5,0
1.15,2.5,0
1.2,2.5,0
1.25,2.5,0
1.3,2.5,0
1.35,2.5,0
1.4,2.5,0
1.45,2.5,0
1.5,2.5,0
1.55,2.5,0
1.6,2.5,0
1.65,2.5,0
1.7,2.5,0
1.75,2.5,0
1.8,2.5,0
1.85,2.5,0
1.9,2.5,0
1.95,2.5,0
2,2.5,0
2.05,2.5,0
2.1,2.5,0
2.15,2.5,0
2.2,2.5,0
2.25,2.5,0
2.3,2.5,0
2.35,2.5,0
2.4,2.5,0
2.45,2.5,0
2.5,2.5,0
2.55,2.5,0
2.6,2.5,0
2.65,2.5,0
2.7,2.5,0
2.75,2.5,0
2.8,2.5,0
2.85,2.5,0
2.9,2.5,0
2.95,2.5,0
3,2.5,0
3.05,2.5,0
3.1,2.5,0
3.15,2.5,0
3.2,2.5,0
3.25,2.5,0
3.3,2.5,0
3.35,2.5,0
3.4,2.5,0
3.45,2.5,0
4.76837e-08,2.55,2
0.05,2.55,2
0.1,2.55,3
0.15,2.55,3
0.2,2.55,4
0.25,2.55,4
0.3,2.55,5
0.35,2.55,6
0.4,2.55,7
0.45,2.55,8
0.5,2.55,9
0.55,2.55,10
0.6,2.55,0
0.65,2.55,0
0.7,2.55,0
0.75,2.55,0
0.8,2.55,0
0.85,2.55,0
0.9,2.55,0
0.95,2.55,0
1,2.55,0
1.05,2.55,0
1.1,2.55,0
1.15,2.55,0
1.2,2.55,0
1.25,2.55,0
1.3,2.55,0
1.35,2.55,0
1.4,2.55,0
1.45,2.55,0
1.5,2.55,0
1.55,2.55,0
1.6,2.55,0
1.65,2.55,0
1.7,2.55,0
1.75,2.55,0
1.8,2.55,0
1.85,2.55,0
1.9,2.55,0
1.95,2.55,0
2,2.55,0
2.05,2.55,0
2.1,2.55,0
2.15,2.55,0
2.2,2.55,0
2.25,2.55,0
2.3,2.55,0
2.35,2.55,0
2.4,2.55,0
2.45,2.55,0
2.5,2.55,0
2.55,2.55,0
2.6,2.55,0
2.65,2.55,0
2.7,2.55,0
2.75,2.55,0
2.8,2.55,0
2.85,2.55,0
2.9,2.55,0
2.95,2.55,0
3,2.55,0
3.05,2.55,0
3.1,2.55,0
3.15,2.55,0
3.2,2.55,0
3.25,2.55,0
3.3,2.55,0
3.35,2.55,0
3.4,2.55,0
3.45,2.55,0
4.76837e-08,2.6,2
0.05,2.6,3
0.1,2.6,3
0.15,2.6,3
0.2,2.6,4
0.25,2.6,4
0.3,2.6,5
0.35,2.6,6
0.4,2.6,7
0.45,2.6,8
0.5,2.6,9
0.55,2.6,10
0.6,2.6,0
0.65,2.6,0
0.7,2.6,0
0.75,2.6,0
0.8,2.6,0
0.85,2.6,0
0.9,2.6,0
0.95,2.6,0
1,2.6,0
1.05,2.6,0
1.1,2.6,0
1.15,2.6,0
1.2,2.6,0
1.25,2.6,0
1.3,2.6,0
1.35,2.6,0
1.4,2.6,0
1.45,2.6,0
1.5,2.6,0
1.55,2.6,0
1.6,2.6,0
1.65,2.6,0
1.7,2.6,0
1.75,2.6,0
1.8,2.6,0
1.85,2.6,0
1.9,2.6,0
1.95,2.6,0
2,2.6,0
2.05,2.6,0
2.1,2.6,0
2.15,2.6,0
2.2,2.6,0
2.25,2.6,0
2.3,2.6,0
2.35,2.6,0
2.4,2.6,0
2.45,2.6,0
2.5,2.6,0
2.55,2.6,0
2.6,2.6,0
2.65,2.6,0
2.7,2.6,0
2.75,2.6,0
2.8,2.6,0
2.85,2.6,0
2.9,2.6,0
2.95,2.6,0
3,2.6,0
3.05,2.6,0
3.1,2.6,0
3.15,2.6,0
3.2,2.6,0
3.25,2.6,0
3.3,2.6,0
3.35,2.6,0
3.4,2.6,0
3.45,2.6,0
4.76837e-08,2.65,3
0.05,2.65,3
0.1,2.65,3
0.15,2.65,3
0.2,2.65,4
0.25,2.65,4
0.3,2.65,5
0.35,2.65,6
0.4,2.65,7
0.45,2.65,8
0.5,2.65,9
0.55,2.65,10
0.6,2.65,0
0.65,2.65,0
0.7,2.65,0
0.75,2.65,0
0.8,2.65,0
0.85,2.65,0
0.9,2.65,0
0.95,2.65,0
1,2.65,0
1.05,2.65,0
1.1,2.65,0
1.15,2.65,0
1.2,2.65,0
1.25,2.65,0
1.3,2.65,0
1.35,2.65,0
1.4,2.65,0
1.45,2.65,0
1.5,2.65,0
1.55,2.65,0
1.6,2.65,0
1.65,2.65,0
1.7,2.65,0
1.75,2.65,0
1.8,2.65,0
1.85,2.65,0
1.9,2.65,0
1.95,2.65,0
2,2.65,0
2.05,2.65,0
2.1,2.65,0
2.15,2.65,0
2.2,2.65,0
2.25,2.65,0
2.3,2.65,0
2.35,2.65,0
2.4,2.65,0
2.45,2.65,0
2.5,2.65,0
2.55,2.65,0
2.6,2.65,0
2.65,2.65,0
2.7,2.65,0
2.75,2.65,0
2.8,2.65,0
2.85,2.65,0
2.9,2.65,0
2.95,2.65,0
3,2.65,0
3.05,2.65,0
3.1,2.65,0
3.15,2.65,0
3.2,2.65,0
3.25,2.65,0
3.3,2.65,0
3.35,2.65,0
3.4,2.65,0
3.45,2.65,0
4.76837e-08,2.7,3
0.05,2.7,3
0.1,2.7,3
0.15,2.7,4
0.2,2.7,4
0.25,2.7,5
0.3,2.7,5
0.35,2.7,6
0.4,2.7,7
0.45,2.7,8
0.5,2.7,9
0.55,2.7,10
0.6,2.7,0
0.65,2.7,99
0.7,2.7,99
0.75,2.7,99
0.8,2.7,99
0.85,2.7,99
0.9,2.7,99
0.95,2.7,99
1,2.7,99
1.05,2.7,99
1.1,2.7,99
1.15,2.7,99
1.2,2.7,0
1.25,2.7,0
1.3,2.7,0
1.35,2.7,0
1.4,2.7,0
1.45,2.7,0
1.5,2.7,0
1.55,2.7,0
1.6,2.7,0
1.65,2.7,0
1.7,2.7,0
1.75,2.7,0
1.8,2.7,0
1.85,2.7,0
1.9,2.7,0
1.95,2.7,0
2,2.7,0
2.05,2.7,0
2.1,2.7,0
2.15,2.7,0
2.2,2.7,0
2.25,2.7,0
2.3,2.7,0
2.35,2.7,0
2.4,2.7,0
2.45,2.7,0
2.5,2.7,0
2.55,2.7,0
2.6,2.7,0
2.65,2.7,0
2.7,2.7,0
2.75,2.7,0
2.8,2.7,0
2.85,2.7,0
2.9,2.7,0
2.95,2.7,0
3,2.7,0
3.05,2.7,0
3.1,2.7,0
3.15,2.7,0
3.2,2.7,0
3.25,2.7,0
3.3,2.7,0
3.35,2.7,0
3.4,2.7,0
3.45,2.7,0
4.76837e-08,2.75,3
0.05,2.75,3
0.1,2.75,3
0.15,2.75,4
0.2,2.75,4
0.25,2.75,5
0.3,2.75,5
0.35,2.75,6
0.4,2.75,7
0.45,2.75,7
0.5,2.75,8
0.55,2.75,9
0.6,2.75,99
0.65,2.75,99
0.7,2.75,99
0.75,2.75,99
0.8,2.75,99
0.85,2.75,99
0.9,2.75,99
0.95,2.75,99
1,2.75,99
1.05,2.75,99
1.1,2.75,99
1.15,2.75,99
1.2,2.75,99
1.25,2.75,99
1.3,2.75,99
1.35,2.75,99
1.4,2.75,99
1.45,2.75,99
1.5,2.75,99
1.55,2.75,99
1.6,2.75,99
1.65,2.75,99
1.7,2.75,0
1.75,2.75,0
1.8,2.75,0
1.85,2.75,0
1.9,2.75,0
1.95,2.75,0
2,2.75,0
2.05,2.75,0
2.1,2.75,0
2.15,2.75,0
2.2,2.75,0
2.25,2.75,0
2.3,2.75,0
2.35,2.75,0
2.4,2.75,0
2.45,2.75,0
2.5,2.75,0
2.55,2.75,0
2.6,2.75,0
2.65,2.75,0
2.7,2.75,0
2.75,2.75,0
2.8,2.75,0
2.85,2.75,0
2.9,2.75,0
2.95,2.75,0
3,2.75,0
3.05,2.75,0
3.1,2.75,0
3.15,2.75,0
3.2,2.75,0
3.25,2.75,0
3.3,2.75,0
3.35,2.75,0
3.4,2.75,0
3.45,2.75,0
4.76837e-08,2.8,3
0.05,2.8,3
0.1,2.8,3
0.15,2.8,4
0.2,2.8,4
0.25,2.8,5
0.3,2.8,5
0.35,2.8,6
0.4,2.8,6
0.45,2.8,7
0.5,2.8,8
0.55,2.8,99
0.6,2.8,99
0.65,2.8,100
0.7,2.8,100
0.75,2.8,100
0.8,2.8,100
0.85,2.8,100
0.9,2.8,100
0.95,2.8,100
1,2.8,100
1.05,2.8,100
1.1,2.8,100
1.15,2.8,100
1.2,2.8,99
1.25,2.8,99
1.3,2.8,99
1.35,2.8,99
1.4,2.8,99
1.45,2.8,99
1.5,2.8,99
1.55,2.8,99
1.6,2.8,99
1.65,2.8,99
1.7,2.8,99
1.75,2.8,99
1.8,2.8,99
1.85,2.8,99
1.9,2.8,99
1.95,2.8,99
2,2.8,99
2.05,2.8,0
2.1,2.8,0
2.15,2.8,0
2.2,2.8,0
2.25,2.8,0
2.3,2.8,0
2.35,2.8,0
2.4,2.8,0
2.45,2.8,0
2.5,2.8,0
2.55,2.8,0
2.6,2.8,0
2.65,2.8,0
2.7,2.8,0
2.75,2.8,0
2.8,2.8,0
2.85,2.8,0
2.9,2.8,0
2.95,2.8,0
3,2.8,0
3.05,2.8,0
3.1,2.8,0
3.15,2.8,0
3.2,2.8,0
3.25,2.8,0
3.3,2.8,0
3.35,2.8,0
3.4,2.8,0
3.45,2.8,0
4.76837e-08,2.85,3
0.05,2.85,3
0.1,2.85,4
0.15,2.85,4
0.2,2.85,4
0.25,2.85,5
0.3,2.85,5
0.35,2.85,6
0.4,2.85,6
0.45,2.85,7
0.5,2.85,8
0.55,2.85,8
0.6,2.85,99
0.65,2.85,99
0.7,2.85,99
0.75,2.85,99
0.8,2.85,99
0.85,2.85,99
0.9,2.85,99
0.95,2.85,99
1,2.85,99
1.05,2.85,100
1.1,2.85,100
1.15,2.85,100
1.2,2.85,100
1.25,2.85,100
1.3,2.85,100
1.35,2.85,100
1.4,2.85,100
1.45,2.85,100
1.5,2.85,100
1.55,2.85,100
1.6,2.85,100
1.65,2.85,100
1.7,2.85,99
1.75,2.85,99
1.8,2.85,99
1.85,2.85,99
1.9,2.85,99
1.95,2.85,99
2,2.85,99
2.05,2.85,99
2.1,2.85,0
2.15,2.85,0
2.2,2.85,0
2.25,2.85,0
2.3,2.85,0
2.35,2.85,0
2.4,2.85,0
2.45,2.85,0
2.5,2.85,0
2.55,2.85,0
2.6,2.85,0
2.65,2.85,0
2.7,2.85,0
2.75,2.85,0
2.8,2.85,0
2.85,2.85,0
2.9,2.85,0
2.95,2.85,0
3,2.85,0
3.05,2.85,0
3.1,2.85,0
3.15,2.85,0
3.2,2.85,0
3.25,2.85,0
3.3,2.85,0
3.35,2.85,0
3.4,2.85,0
3.45,2.85,0
4.76837e-08,2.9,3
0.05,2.9,4
0.1,2.9,4
0.15,2.9,4
0.2,2.9,4
0.25,2.9,5
0.3,2.9,5
0.35,2.9,5
0.4,2.9,6
0.45,2.9,7
0.5,2.9,7
0.55,2.9,8
0.6,2.9,9
0.65,2.9,99
0.7,2.9,99
0.75,2.9,99
0.8,2.9,99
0.85,2.9,99
0.9,2.9,99
0.95,2.9,99
1,2.9,99
1.05,2.9,99
1.1,2.9,99
1.15,2.9,99
1.2,2.9,99
1.25,2.9,99
1.3,2.9,99
1.35,2.9,99
1.4,2.9,99
1.45,2.9,99
1.5,2.9,99
1.55,2.9,99
1.6,2.9,100
1.65,2.9,100
1.7,2.9,100
1.75,2.9,100
1.8,2.9,100
1.85,2.9,100
1.9,2.9,100
1.95,2.9,100
2,2.9,100
2.05,2.9,99
2.1,2.9,99
2.15,2.9,0
2.2,2.9,0
2.25,2.9,0
2.3,2.9,0
2.35,2.9,0
2.4,2.9,0
2.45,2.9,0
2.5,2.9,0
2.55,2.9,0
2.6,2.9,0
2.65,2.9,0
2.7,2.9,0
2.75,2.9,0
2.8,2.9,0
2.85,2.9,0
2.9,2.9,0
2.95,2.9,0
3,2.9,0
3.05,2.9,0
3.1,2.9,0
3.15,2.9,0
3.2,2.9,0
3.25,2.9,0
3.3,2.9,0
3.35,2.9,0
3.4,2.9,0
3.45,2.9,0
4.76837e-08,2.95,4
0.05,2.95,4
0.1,2.95,4
0.15,2.95,4
0.2,2.95,4
0.25,2.95,4
0.3,2.95,5
0.35,2.95,5
0.4,2.95,6
0.45,2.95,6
0.5,2.95,7
0.55,2.95,7
0.6,2.95,8
0.65,2.95,9
0.7,2.95,9
0.75,2.95,10
0.8,2.95,11
0.85,2.95,12
0.9,2.95,12
0.95,2.95,13
1,2.95,14
1.05,2.95,99
1.1,2.95,99
1.15,2.95,99
1.2,2.95,99
1.25,2.95,99
1.3,2.95,99
1.35,2.95,99
1.4,2.95,99
1.45,2.95,99
1.5,2.95,99
1.55,2.95,99
1.6,2.95,99
1.65,2.95,99
1.7,2.95,99
1.75,2.95,99
1.8,2.95,99
1.85,2.95,99
1.9,2.95,99
1.95,2.95,99
2,2.95,99
2.05,2.95,99
2.1,2.95,0
2.15,2.95,0
2.2,2.95,0
2.25,2.95,0
2.3,2.95,0
2.35,2.95,0
2.4,2.95,0
2.45,2.95,0
2.5,2.95,0
2.55,2.95,0
2.6,2.95,0
2.65,2.95,0
2.7,2.95,0
2.75,2.95,0
2.8,2.95,0
2.85,2.95,0
2.9,2.95,0
2.95,2.95,0
3,2.95,0
3.05,2.95,0
3.1,2.95,0
3.15,2.95,0
3.2,2.95,0
3.25,2.95,0
3.3,2.95,0
3.35,2.95,0
3.4,2.95,0
3.45,2.95,0
4.76837e-08,3,4
0.05,3,4
0.1,3,4
0.15,3,4
0.2,3,4
0.25,3,4
0.3,3,5
0.35,3,5
0.4,3,5
0.45,3,6
0.5,3,6
0.55,3,7
0.6,3,7
0.65,3,8
0.7,3,9
0.75,3,9
0.8,3,10
0.85,3,10
0.9,3,11
0.95,3,12
1,3,12
1.05,3,13
1.1,3,13
1.15,3,14
1.2,3,14
1.25,3,15
1.3,3,15
1.35,3,15
1.4,3,16
1.45,3,16
1.5,3,16
1.55,3,16
1.6,3,99
1.65,3,99
1.7,3,99
1.75,3,99
1.8,3,99
1.85,3,99
1.9,3,99
1.95,3,99
2,3,99
2.05,3,0
2.1,3,0
2.15,3,0
2.2,3,0
2.25,3,0
2.3,3,0
2.35,3,0
2.4,3,0
2.45,3,0
2.5,3,0
2.55,3,0
2.6,3,0
2.65,3,0
2.7,3,0
2.75,3,0
2.8,3,0
2.85,3,0
2.9,3,0
2.95,3,0
3,3,0
3.05,3,0
3.1,3,0
3.15,3,0
3.2,3,0
3.25,3,0
3.3,3,0
3.35,3,0
3.4,3,0
3.45,3,0
4.76837e-08,3.05,4
0.05,3.05,4
0.1,3.05,4
0.15,3.05,4
0.2,3.05,4
0.25,3.05,4
0.3,3.05,5
0.35,3.05,5
0.4,3.05,5
0.45,3.05,5
0.5,3.05,6
0.55,3.05,6
0.6,3.05,7
0.65,3.05,7
0.7,3.05,8
0.75,3.05,8
0.8,3.05,9
0.85,3.05,9
0.9,3.05,10
0.95,3.05,10
1,3.05,11
1.05,3.05,11
1.1,3.05,12
1.15,3.05,12
1.2,3.05,12
1.25,3.05,13
1.3,3.05,13
1.35,3.05,13
1.4,3.05,14
1.45,3.05,14
1.5,3.05,14
1.55,3.05,14
1.6,3.05,0
1.65,3.05,0
1.7,3.05,15
1.75,3.05,15
1.8,3.05,16
1.85,3.05,0
1.9,3.05,0
1.95,3.05,0
2,3.05,0
2.05,3.05,0
2.1,3.05,0
2.15,3.05,0
2.2,3.05,0
2.25,3.05,0
2.3,3.05,0
2.35,3.05,0
2.4,3.05,0
2.45,3.05,0
2.5,3.05,0
2.55,3.05,0
2.6,3.05,0
2.65,3.05,0
2.7,3.05,0
2.75,3.05,0
2.8,3.05,0
2.85,3.05,0
2.9,3.05,0
2.95,3.05,0
3,3.05,0
3.05,3.05,0
3.1,3.05,0
3.15,3.05,0
3.2,3.05,0
3.25,3.05,0
3.3,3.05,0
3.35,3.05,0
3.4,3.05,0
3.45,3.05,0
4.76837e-08,3.1,4
0.05,3.1,4
0.1,3.1,4
0.15,3.1,4
0.2,3.1,4
0.25,3.1,4
0.3,3.1,4
0.35,3.1,5
0.4,3.1,5
0.45,3.1,5
0.5,3.1,5
0.55,3.1,6
0.6,3.1,6
0.65,3.1,6
0.7,3.1,7
0.75,3.1,7
0.8,3.1,8
0.85,3.1,8
0.9,3.1,8
0.95,3.1,9
1,3.1,9
1.05,3.1,10
1.1,3.1,10
1.15,3.1,10
1.2,3.1,11
1.25,3.1,11
1.3,3.1,11
1.35,3.1,12
1.4,3.1,12
1.45,3.1,12
1.5,3.1,12
1.55,3.1,13
1.6,3.1,13
1.65,3.1,0
1.7,3.1,0
1.75,3.1,13
1.8,3.1,14
1.85,3.1,14
1.9,3.1,0
1.95,3.1,0
2,3.1,0
2.05,3.1,0
2.1,3.1,0
2.15,3.1,0
2.2,3.1,0
2.25,3.1,0
2.3,3.1,0
2.35,3.1,0
2.4,3.1,0
2.45,3.1,0
2.5,3.1,0
2.55,3.1,0
2.6,3.1,0
2.65,3.1,0
2.7,3.1,0
2.75,3.1,0
2.8,3.1,0
2.85,3.1,0
2.9,3.1,0
2.95,3.1,0
3,3.1,0
3.05,3.1,0
3.1,3.1,0
3.15,3.1,0
3.2,3.1,0
3.25,3.1,0
3.3,3.1,0
3.35,3.1,0
3.4,3.1,0
3.45,3.1,0
4.76837e-08,3.15,5
0.05,3.15,4
0.1,3.15,4
0.15,3.15,4
0.2,3.15,4
0.25,3.15,4
0.3,3.15,4
0.35,3.15,4
0.4,3.15,4
0.45,3.15,5
0.5,3.15,5
0.55,3.15,5
0.6,3.15,5
0.65,3.15,6
0.7,3.15,6
0.75,3.15,6
0.8,3.15,7
0.85,3.15,7
0.9,3.15,7
0.95,3.15,8
1,3.15,8
1.05,3.15,8
1.1,3.15,9
1.15,3.15,9
1.2,3.15,9
1.25,3.15,9
1.3,3.15,10
1.35,3.15,10
1.4,3.15,10
1.45,3.15,10
1.5,3.15,10
1.55,3.15,11
1.6,3.15,11
1.65,3.15,0
1.7,3.15,0
1.75,3.15,12
1.8,3.15,12
1.85,3.15,12
1.9,3.15,12
1.95,3.15,0
2,3.15,0
2.05,3.15,0
2.1,3.15,0
2.15,3.15,0
2.2,3.15,0
2.25,3.15,0
2.3,3.15,0
2.35,3.15,0
2.4,3.15,0
2.45,3.15,0
2.5,3.15,0
2.55,3.15,0
2.6,3.15,0
2.65,3.15,0
2.7,3.15,0
2.75,3.15,0
2.8,3.15,0
2.85,3.15,0
2.9,3.15,0
2.95,3.15,0
3,3.15,0
3.05,3.15,0
3.1,3.15,0
3.15,3.15,0
3.2,3.15,0
3.25,3.15,0
3.3,3.15,0
3.35,3.15,0
3.4,3.15,0
3.45,3.15,0
4.76837e-08,3.2,5
0.05,3.2,5
0.1,3.2,4
0.15,3.2,4
0.2,3.2,4
0.25,3.2,4
0.3,3.2,4
0.35,3.2,4
0.4,3.2,4
0.45,3.2,4
0.5,3.2,4
0.55,3.2,5
0.6,3.2,5
0.65,3.2,5
0.7,3.2,5
0.75,3.2,5
0.8,3.2,6
0.85,3.2,6
0.9,3.2,6
0.95,3.2,6
1,3.2,7
1.05,3.2,7
1.1,3.2,7
1.15,3.2,7
1.2,3.2,8
1.25,3.2,8
1.3,3.2,8
1.35,3.2,8
1.4,3.2,8
1.45,3.2,9
1.5,3.2,9
1.55,3.2,9
1.6,3.2,9
1.65,3.2,9
1.7,3.2,0
1.75,3.2,0
1.8,3.2,10
1.85,3.2,10
1.9,3.2,10
1.95,3.2,0
2,3.2,0
2.05,3.2,0
2.1,3.2,0
2.15,3.2,0
2.2,3.2,0
2.25,3.2,0
2.3,3.2,0
2.35,3.2,0
2.4,3.2,0
2.45,3.2,0
2.5,3.2,0
2.55,3.2,0
2.6,3.2,0
2.65,3.2,0
2.7,3.2,0
2.75,3.2,0
2.8,3.2,0
2.85,3.2,0
2.9,3.2,0
2.95,3.2,0
3,3.2,0
3.05,3.2,0
3.1,3.2,0
3.15,3.2,0
3.2,3.2,0
3.25,3.2,0
3.3,3.2,0
3.35,3.2,0
3.4,3.2,0
3.45,3.2,0
4.76837e-08,3.25,5
0.05,3.25,5
0.1,3.25,4
0.15,3.25,4
0.2,3.25,4
0.25,3.25,4
0.3,3.25,4
0.35,3.25,4
0.4,3.25,4
0.45,3.25,4
0.5,3.25,4
0.55,3.25,4
0.6,3.25,4
0.65,3.25,4
0.7,3.25,5
0.75,3.25,5
0.8,3.25,5
0.85,3.25,5
0.9,3.25,5
0.95,3.25,5
1,3.25,6
1.05,3.25,6
1.1,3.25,6
1.15,3.25,6
1.2,3.25,6
1.25,3.25,6
1.3,3.25,7
1.35,3.25,7
1.4,3.25,7
1.45,3.25,7
1.5,3.25,7
1.55,3.25,7
1.6,3.25,8
1.65,3.25,8
1.7,3.25,0
1.75,3.25,0
1.8,3.25,8
1.85,3.25,9
1.9,3.25,9
1.95,3.25,9
2,3.25,0
2.05,3.25,0
2.1,3.25,0
2.15,3.25,0
2.2,3.25,0
2.25,3.25,0
2.3,3.25,0
2.35,3.25,0
2.4,3.25,0
2.45,3.25,0
2.5,3.25,0
2.55,3.25,0
2.6,3.25,0
2.65,3.25,0
2.7,3.25,0
2.75,3.25,0
2.8,3.25,0
2.85,3.25,0
2.9,3.25,0
2.95,3.25,0
3,3.25,0
3.05,3.25,0
3.1,3.25,0
3.15,3.25,0
3.2,3.25,0
3.25,3.25,0
3.3,3.25,0
3.35,3.25,0
3.4,3.25,0
3.45,3.25,0
4.76837e-08,3.3,6
0.05,3.3,5
0.1,3.3,5
0.15,3.3,4
0.2,3.3,4
0.25,3.3,4
0.3,3.3,4
0.35,3.3,4
0.4,3.3,4
0.45,3.3,4
0.5,3.3,4
0.55,3.3,4
0.6,3.3,4
0.65,3.3,4
0.7,3.3,4
0.75,3.3,4
0.8,3.3,4
0.85,3.3,4
0.9,3.3,4
0.95,3.3,4
1,3.3,5
1.05,3.3,5
1.1,3.3,5
1.15,3.3,5
1.2,3.3,5
1.25,3.3,5
1.3,3.3,5
1.35,3.3,6
1.4,3.3,6
1.45,3.3,6
1.5,3.3,6
1.55,3.3,6
1.6,3.3,6
1.65,3.3,6
1.7,3.3,7
1.75,3.3,0
1.8,3.3,0
1.85,3.3,7
1.9,3.3,7
1.95,3.3,7
2,3.3,8
2.05,3.3,0
2.1,3.3,0
2.15,3.3,0
2.2,3.3,0
2.25,3.3,0
2.3,3.3,0
2.35,3.3,0
2.4,3.3,0
2.45,3.3,0
2.5,3.3,0
2.55,3.3,0
2.6,3.3,0
2.65,3.3,0
2.7,3.3,0
2.75,3.3,0
2.8,3.3,0
2.85,3.3,0
2.9,3.3,0
2.95,3.3,0
3,3.3,0
3.05,3.3,0
3.1,3.3,0
3.15,3.3,0
3.2,3.3,0
3.25,3.3,0
3.3,3.3,0
3.35,3.3,0
3.4,3.3,0
3.45,3.3,0
4.76837e-08,3.35,6
0.05,3.35,5
0.1,3.35,5
0.15,3.35,4
0.2,3.35,4
0.25,3.35,4
0.3,3.35,4
0.35,3.35,3
0.4,3.35,3
0.45,3.35,3
0.5,3.35,3
0.55,3.35,3
0.6,3.35,3
0.65,3.35,3
0.7,3.35,3
0.75,3.35,3
0.8,3.35,3
0.85,3.35,4
0.9,3.35,4
0.95,3.35,4
1,3.35,4
1.05,3.35,4
1.1,3.35,4
1.15,3.35,4
1.2,3.35,4
1.25,3.35,4
1.3,3.35,4
1.35,3.35,4
1.4,3.35,5
1.45,3.35,5
1.5,3.35,5
1.55,3.35,5
1.6,3.35,5
1.65,3.35,5
1.7,3.35,5
1.75,3.35,0
1.8,3.35,0
1.85,3.35,6
1.9,3.35,6
1.95,3.35,6
2,3.35,6
2.05,3.35,0
2.1,3.35,0
2.15,3.35,0
2.2,3.35,0
2.25,3.35,0
2.3,3.35,0
2.35,3.35,0
2.4,3.35,0
2.45,3.35,0
2.5,3.35,0
2.55,3.35,0
2.6,3.35,0
2.65,3.35,0
2.7,3.35,0
2.75,3.35,0
2.8,3.35,0
2.85,3.35,0
2.9,3.35,0
2.95,3.35,0
3,3.35,0
3.05,3.35,0
3.1,3.35,0
3.15,3.35,0
3.2,3.35,0
3.25,3.35,0
3.3,3.35,0
3.35,3.35,0
3.4,3.35,0
3.45,3.35,0
4.76837e-08,3.4,7
0.05,3.4,6
0.1,3.4,5
0.15,3.4,4
0.2,3.4,4
0.25,3.4,4
0.3,3.4,4
0.35,3.4,3
0.4,3.4,3
0.45,3.4,3
0.5,3.4,3
0.55,3.4,3
0.6,3.4,3
0.65,3.4,3
0.7,3.4,3
0.75,3.4,3
0.8,3.4,3
0.85,3.4,3
0.9,3.4,3
0.95,3.4,3
1,3.4,3
1.05,3.4,3
1.1,3.4,3
1.15,3.4,3
1.2,3.4,3
1.25,3.4,3
1.3,3.4,3
1.35,3.4,4
1.4,3.4,4
1.45,3.4,4
1.5,3.4,4
1.55,3.4,4
1.6,3.4,4
1.65,3.4,4
1.7,3.4,4
1.75,3.4,4
1.8,3.4,0
1.85,3.4,0
1.9,3.4,5
1.95,3.4,5
2,3.4,5
2.05,3.4,5
2.1,3.4,0
2.15,3.4,0
2.2,3.4,0
2.25,3.4,0
2.3,3.4,0
2.35,3.4,0
2.4,3.4,0
2.45,3.4,0
2.5,3.4,0
2.55,3.4,0
2.6,3.4,0
2.65,3.4,0
2.7,3.4,0
2.75,3.4,0
2.8,3.4,0
2.85,3.4,0
2.9,3.4,0
2.95,3.4,0
3,3.4,0
3.05,3.4,0
3.1,3.4,0
3.15,3.4,0
3.2,3.4,0
3.25,3.4,0
3.3,3.4,0
3.35,3.4,0
3.4,3.4,0
3.45,3.4,0
4.76837e-08,3.45,7
0.05,3.45,6
0.1,3.45,5
0.15,3.45,5
0.2,3.45,4
0.25,3.45,4
0.3,3.45,3
0.35,3.45,3
0.4,3.45,3
0.45,3.45,3
0.5,3.45,3
0.55,3.45,3
0.6,3.45,3
0.65,3.45,2
0.7,3.45,2
0.75,3.45,2
0.8,3.45,2
0.85,3.45,2
0.9,3.45,2
0.95,3.45,2
1,3.45,2
1.05,3.45,2
1.1,3.45,3
1.15,3.45,3
1.2,3.45,3
1.25,3.45,3
1.3,3.45,3
1.35,3.45,3
1.4,3.45,3
1.45,3.45,3
1.5,3.45,3
1.55,3.45,3
1.6,3.45,3
1.65,3.45,3
1.7,3.45,3
1.75,3.45,4
1.8,3.45,0
1.85,3.45,0
1.9,3.45,4
1.95,3.45,4
2,3.45,4
2.05,3.45,4
2.1,3.45,0
2.15,3.45,0
2.2,3.45,0
2.25,3.45,0
2.3,3.45,0
2.35,3.45,0
2.4,3.45,0
2.45,3.45,0
2.5,3.45,0
2.55,3.45,0
2.6,3.45,0
2.65,3.45,0
2.7,3.45,0
2.75,3.45,0
2.8,3.45,0
2.85,3.45,0
2.9,3.45,0
2.95,3.45,0
3,3.45,0
3.05,3.45,0
3.1,3.45,0
3.15,3.45,0
3.2,3.45,0
3.25,3.45,0
3.3,3.45,0
3.35,3.45,0
3.4,3.45,0
3.45,3.45,0